station_id,Ammonium,Coli-like-bacteria,Colony-count-at-22-C,Color-Pt/Co-scale,Electrical-conductivity,Escherichia-coli,Iron,Manganese,Odour-dilution-level,Taste-dilution-degree,Turbidity-NTU,pH ,compliance
165,0.08,0.0,4.0,7.0,1167.0,0.0,52.9,30.0,1.0,1.0,1.52,7.84,1
169,0.29,0.0,11.0,2.0,536.0,0.0,55.0,20.0,1.6666666666666663,1.6666666666666663,0.3,8.1,0
170,0.25,0.0,17.0,8.8,631.0,0.0,34.0,10.0,5.0,5.0,0.62,7.74,0
172,0.18,0.0,70.0,17.0,953.0,0.0,200.0,22.0,1.0,1.0,2.1,8.05,0
173,0.09,0.0,0.0,0.0,434.0,0.0,99.0,10.0,1.0,1.0,1.6,7.7,0
175,0.05,0.0,0.0,0.0,400.0,0.0,23.0,20.0,1.0,1.0,1.0,7.9,0
182,0.21,0.0,136.0,11.6,700.0,0.0,60.4,66.2,3.0,3.0,1.27,7.92,1
187,0.05,0.0,4.0,0.0,348.0,0.0,20.0,10.0,1.0,1.0,1.0,7.4,0
188,0.23,0.0,17.0,5.0,889.0,0.0,250.0,5.0,1.2000000000000002,1.2000000000000002,0.5,7.45,1
193,0.1,0.0,30.0,5.3,618.0,0.0,79.0,3.0,1.0,1.0,1.1,7.55,0
196,0.14,0.0,0.0,3.2,599.0,0.0,23.33333333333333,4.066666666666666,1.0,1.0,0.5,7.84,0
197,0.05,0.0,4.0,0.0,557.0,0.0,30.0,17.0,1.0,1.0,1.0,7.7,0
199,0.05,0.0,96.0,0.0,420.0,0.0,80.0,20.0,1.0,1.0,1.0,7.3,0
205,0.05,0.0,0.0,0.0,448.0,0.0,20.0,10.0,1.0,1.0,1.0,7.8,0
207,0.24,0.0,66.0,0.0,464.0,0.0,20.0,300.0,1.0,1.0,1.0,7.5,1
210,0.05,0.0,0.0,0.0,343.0,0.0,20.0,10.0,1.0,1.0,1.0,7.4,0
214,0.36,0.0,0.0,0.0,545.0,0.0,20.0,11.0,1.0,1.0,1.0,7.3,0
216,0.155,0.0,0.0,0.0,509.0,0.0,84.0,10.0,1.0,1.0,1.0,6.8,0
225,0.05,0.0,43.0,9.05,379.0,0.0,20.0,10.0,3.0,3.0,0.675,7.7,0
226,0.09,0.0,0.0,2.0,397.0,0.0,251.5,73.5,4.0,3.0,1.0,7.3,0
235,0.05,0.0,0.0,0.0,339.0,0.0,26.0,14.0,1.0,1.0,1.0,7.6,0
236,0.0699999999999999,0.0,0.0,0.0,324.0,0.0,20.0,10.0,1.0,1.0,1.0,7.6,0
243,0.027,0.0,4.5,5.0,538.0,0.0,33.0,11.0,3.0,3.0,0.5,8.3,0
254,0.0485,0.0,0.0,0.0,426.0,0.0,88.0,77.0,1.0,1.0,1.0,7.5,1
260,0.05,0.0,0.0,0.0,328.0,0.0,54.0,9.0,1.0,1.0,1.0,7.4,0
261,3.19,0.0,0.0,0.0,392.0,0.0,1570.0,860.0,1.0,1.0,1.0,7.5,1
267,0.2633333333333333,0.0,0.0,0.0,239.0,0.0,20.0,11.0,1.0,1.0,1.0,7.7,0
271,0.08,0.0,65.0,12.0,998.0,0.0,98.0,30.0,4.0,4.0,0.87,8.05,0
276,0.13,0.0,45.0,2.0,886.0,0.0,160.0,50.0,2.0,1.0,0.43,8.0,0
277,0.05,0.0,7.0,0.0,636.0,0.0,25.0,10.0,1.0,1.0,1.3,7.6,0
278,0.37,0.0,7.0,5.05,920.0,0.0,132.0,8.6,1.0,1.0,0.5,7.9,0
281,0.14,0.0,1.0,0.0,502.0,0.0,20.0,10.0,1.0,1.0,0.4,7.7,0
282,0.05,100.0,102.0,0.0,633.0,0.0,59.99999999999999,10.0,1.0,1.0,1.0,7.2,1
284,0.05,17.0,224.0,0.0,141.0,0.0,89.0,35.2,1.0,1.0,1.0,7.3,1
286,0.05,0.0,17.0,0.0,284.0,0.0,20.0,10.0,1.0,1.0,1.0,7.1,0
287,0.05,0.0,0.0,0.0,129.0,0.0,20.0,10.0,1.0,1.0,1.0,8.6,0
290,0.05,0.0,0.0,0.0,525.0,0.0,44.0,16.5,1.0,1.0,1.0,7.6,0
292,0.05,0.0,0.0,0.0,395.0,0.0,20.0,10.0,1.0,1.0,1.0,7.4,0
294,0.05,0.0,0.0,1.0,528.0,0.0,20.0,7.0,1.5,1.5,1.0,7.0,0
297,0.05,0.0,0.0,0.0,498.0,0.0,20.0,10.0,1.0,1.0,1.0,7.3,0
298,0.05,0.0,12.0,0.0,463.0,0.0,20.0,10.0,1.0,1.0,1.0,7.4,0
300,0.05,0.0,13.0,5.0,715.0,0.0,28.0,5.0,4.0,4.0,1.0,7.4,0
302,0.33,0.0,300.0,4.0,657.0,0.0,24.0,20.0,2.0,2.0,1.0,7.9,0
303,0.06,0.0,19.0,3.7,746.0,0.0,61.2,22.96666666666667,1.0,1.0,0.18,7.8,0
308,0.05,0.0,0.0,0.0,364.0,0.0,57.0,10.0,1.0,1.0,1.0,7.5,0
310,0.05,0.0,45.0,0.0,197.0,0.0,20.0,6.0,1.0,1.0,1.0,8.0,1
312,0.05,7.0,4.0,0.0,605.0,0.0,21.0,10.0,1.0,1.0,1.0,7.4,1
313,0.05,0.0,8.0,0.0,384.0,0.0,49.0,5.335,1.0,1.0,1.0,7.5,0
314,0.07,0.0,0.0,0.0,595.0,0.0,62.0,8.35,1.0,1.0,1.0,7.3,0
316,0.05,0.0,0.0,0.0,620.0,0.0,38.0,16.666666666666664,1.0,1.0,1.0,7.8,0
318,0.05,0.0,0.0,0.0,516.0,0.0,20.0,10.0,1.0,1.0,1.0,7.3,0
322,0.05,0.0,0.0,0.0,395.0,0.0,20.0,10.0,1.0,2.5,1.0,7.5,0
326,0.09,0.0,0.0,0.0,475.0,0.0,35.0,13.333333333333332,1.0,1.0,1.0,7.2,0
328,0.05,0.0,83.0,0.0,396.0,0.0,20.0,11.0,1.0,1.0,1.0,7.5,0
330,0.05,0.0,300.0,0.0,463.0,0.0,20.0,10.0,1.0,1.0,1.0,7.4,0
331,0.05,0.0,0.0,0.0,553.0,0.0,51.0,10.0,1.0,1.0,1.0,7.2,0
332,0.05,0.0,0.0,0.0,622.0,0.0,20.0,17.2,1.0,1.0,1.0,7.0,0
335,0.05,0.0,0.0,0.0,551.0,0.0,29.0,11.0,1.0,1.0,1.0,7.5,0
336,0.17,9.333333333333332,25.0,6.0,732.0,6.666666666666666,36.0,2.0,2.0,2.5,1.0,7.7,0
338,0.05,0.0,0.0,0.0,561.0,0.0,20.0,10.0,1.0,1.0,1.0,7.3,0
339,0.05,0.0,8.0,3.0,561.0,0.0,56.0,5.0,1.0,1.0,1.0,7.6,0
342,0.05,0.0,0.0,0.0,462.0,0.0,20.0,16.666666666666664,1.0,1.0,1.0,7.5,0
344,0.05,0.0,0.0,0.0,224.0,0.0,46.0,32.8,1.0,1.0,1.0,7.8,0
345,0.05,0.0,0.0,0.0,520.0,0.0,20.0,11.0,1.0,1.0,1.0,7.3,0
346,0.05,0.0,8.0,0.0,678.0,0.0,45.0,10.0,1.0,1.0,1.0,7.5,0
348,0.05,0.0,4.0,10.0,635.0,0.0,130.0,6.0,1.0,1.0,1.4,7.5,0
349,0.05,0.0,0.0,0.0,90.6,0.0,20.0,10.0,1.0,1.0,1.0,7.5,0
350,0.05,0.0,5.0,0.0,566.0,0.0,20.0,10.0,1.0,1.0,1.0,7.3,0
354,0.24,0.0,0.0,0.0,536.0,0.0,20.0,10.0,1.0,2.0,1.0,7.2,0
355,0.05,0.0,4.0,0.0,379.0,0.0,20.0,5.25,1.0,1.0,1.0,7.3,0
357,0.05,0.0,0.0,0.0,449.0,0.0,50.0,11.666666666666666,1.0,1.0,1.0,7.5,0
358,0.05,0.0,7.0,0.0,269.0,0.0,46.0,7.5,1.0,1.0,1.0,7.4,0
359,0.05,0.0,0.0,0.0,194.0,0.0,20.0,10.0,1.0,1.0,1.0,7.6,0
360,0.05,0.0,4.0,0.0,462.0,0.0,36.0,13.25,1.0,1.0,1.0,7.5,0
363,0.05,0.0,0.0,0.0,371.0,0.0,20.0,10.0,1.0,1.0,1.0,7.4,0
367,0.05,0.0,4.0,0.0,295.0,0.0,20.0,10.0,1.0,1.0,1.0,7.6,0
369,0.05,0.0,0.0,0.0,387.0,0.0,20.0,110.0,1.0,1.0,1.0,7.5,1
370,0.05,0.0,11.0,0.0,673.0,0.0,20.0,31.6,1.0,1.0,1.0,7.4,0
374,0.05,0.0,0.0,0.0,242.0,0.0,26.0,10.0,1.0,1.0,1.0,7.7,0
380,0.05,0.0,0.0,0.0,572.0,0.0,20.0,21.5,1.0,1.0,1.0,7.4,0
381,0.05,0.0,0.0,0.0,329.0,0.0,20.0,10.0,1.0,1.0,1.0,7.4,0
382,0.12,0.0,0.0,0.0,376.0,0.0,105.0,11.0,1.0,1.0,1.8,7.5,0
384,0.05,0.0,0.0,0.0,800.0,0.0,35.0,10.0,1.0,1.0,1.0,7.8,0
391,0.05,0.0,6.0,0.0,219.0,0.0,144.0,10.0,1.0,1.0,1.0,7.8,0
392,0.1566666666666666,0.0,4.0,0.0,346.0,0.0,20.0,10.0,1.0,1.0,1.0,7.5,0
393,0.13,0.0,15.0,0.0,560.0,0.0,43.0,27.0,1.0,1.0,1.0,7.4,0
394,0.36,0.0,7.0,20.0,1610.0,0.0,43.0,40.0,1.5,1.5,0.5,8.3,0
395,0.05,0.0,0.0,0.0,492.0,0.0,20.0,10.0,1.0,1.0,1.0,7.4,0
396,0.2,0.0,5.0,12.65,1468.0,0.0,50.0,10.0,1.5,1.5,0.5,7.4,0
399,0.05,0.0,16.0,0.0,387.0,0.0,20.0,6.0,1.0,1.0,1.0,7.7,0
409,0.05,0.0,138.0,0.0,617.0,0.0,56.0,10.0,1.0,1.0,1.0,7.6,0
416,0.05,0.0,0.0,0.0,416.0,0.0,197.0,10.0,1.0,3.0,2.0,7.2,0
417,0.0975,0.0,4.0,0.0,449.0,0.0,145.0,13.0,1.0,1.0,2.3,7.8,0
420,0.085,0.0,0.0,0.0,541.0,0.0,40.0,14.3,1.0,1.0,1.0,7.1,0
421,0.208,0.0,0.0,7.7,369.0,0.0,40.0,2.0,1.0,1.0,0.81,7.5,0
426,0.05,0.0,2.0,12.533333333333331,593.0,0.0,23.0,42.33333333333333,1.0,1.0,0.2,7.5,0
429,0.08,0.0,300.0,10.0,990.0,0.0,72.9,5.0,5.0,4.0,2.24,8.3,0
430,0.113,0.0,0.0,10.8,982.0,0.0,155.0,4.7,1.0,1.0,1.11,8.2,0
432,0.32,0.0,63.0,5.0,505.0,0.0,280.0,8.9,4.0,4.0,3.7,7.6,1
433,0.05,0.0,0.0,0.0,357.0,0.0,48.0,10.0,1.0,1.0,1.2,8.1,0
435,0.1466666666666666,0.0,3.0,3.65,473.0,0.0,24.0,15.75,1.0,1.0,0.3,7.9,0
436,0.05,0.0,0.0,0.0,308.0,0.0,20.0,26.0,1.0,1.0,1.0,7.4,0
438,0.05,0.0,4.0,0.0,588.0,0.0,56.0,10.0,1.0,1.0,1.0,7.4,0
441,0.05,0.0,21.5,0.0,288.0,0.0,233.0,5.5,1.0,1.0,3.0,8.3,1
442,0.05,1.0,34.0,0.0,719.0,0.0,34.0,10.0,1.0,1.0,1.0,7.39,1
444,0.05,100.0,300.0,5.0,758.0,0.0,460.0,11.0,4.0,4.0,2.0,7.6,1
445,0.05,0.0,0.0,0.0,354.0,0.0,20.0,10.0,1.0,1.0,1.0,7.9,0
457,0.05,0.0,12.999999999999998,0.0,588.0,0.0,902.0,48.0,1.0,1.0,5.5,8.1,1
458,0.05,0.0,9.0,12.0,422.0,0.0,389.0,14.0,3.0,3.0,0.8,8.2,1
459,0.05,0.0,14.0,0.0,528.0,0.0,20.0,10.0,1.0,1.0,1.0,7.4,0
461,0.05,0.0,0.0,0.0,562.0,0.0,26.0,10.0,1.0,1.0,1.0,7.3,0
462,0.05,0.0,24.0,10.0,577.0,0.0,42.0,11.335,1.0,1.0,0.2,7.6,0
467,0.05,0.0,6.0,0.0,458.0,0.0,67.0,10.0,1.0,1.0,0.7,7.8,0
470,0.06,0.0,1.0,3.5,446.0,0.0,84.0,7.5,1.0,1.0,0.2,7.7,0
471,0.0633333333333333,0.0,1.0,3.4620583717357896,632.0,0.0,64.0,6.3,1.6347641144624905,1.5895784543325526,0.5,7.5,0
474,0.065,0.0,1.0,3.4620583717357896,561.0,0.0,22.0,20.0,1.6347641144624905,1.5895784543325526,0.2,7.6,0
475,0.05,0.0,2.0,3.4620583717357896,544.0,0.0,21.0,39.0,1.6347641144624905,1.5895784543325526,0.2,7.6,0
482,0.05,2.0,0.0,0.0,473.0,2.0,20.0,10.0,1.0,1.0,1.0,7.9,1
484,0.05,0.0,82.0,0.0,473.0,0.0,39.0,20.0,1.0,1.0,0.2,7.7,0
487,0.05,0.0,38.05927636643571,3.4620583717357896,474.0,0.0,20.0,49.47186754106111,1.6347641144624905,1.5895784543325526,1.6,7.8,0
490,0.05,0.0,22.5,2.4,567.0,0.0,24.0,28.5,2.0,2.0,0.6,7.7,0
491,0.21,0.0,38.05927636643571,13.3,448.0,0.0,102.5,18.25,1.0,1.0,0.7,7.47,0
494,0.05,0.0,38.05927636643571,0.0,477.0,0.0,24.0,49.47186754106111,1.0,1.0,0.2,7.6,0
495,0.05,0.0,38.05927636643571,6.0,411.0,0.0,21.0,49.47186754106111,1.8,1.8,0.2,7.7,0
496,0.05,0.0,38.05927636643571,0.0,310.0,0.0,101.0,10.0,1.0,1.0,1.0,7.1,0
497,0.05,0.0,146.0,0.0,403.0,0.0,24.0,10.0,1.0,1.0,1.0,7.6,0
498,0.05,0.0,5.0,0.0,288.0,0.0,86.0,10.0,1.0,1.0,1.0,7.2,0
499,0.0566666666666666,0.0,4.0,0.0,411.0,0.0,20.0,10.0,1.0,1.0,1.0,7.6,0
502,0.05,0.0,5.5,1.75,248.0,0.0,55.0,24.05,1.0,1.0,0.3,7.8,0
503,0.605,0.0,0.0,0.0,402.0,0.0,20.0,10.0,1.0,1.0,1.0,7.5,0
505,0.05,0.0,10.0,0.0,332.0,0.0,33.0,10.0,1.0,1.0,1.0,7.6,0
506,0.05,0.0,0.0,0.0,460.0,0.0,25.0,10.0,1.0,1.0,1.0,7.4,0
507,0.1369067460317456,0.0,0.0,0.0,393.0,0.0,20.0,17.0,1.0,1.0,1.0,7.4,0
508,0.1369067460317456,0.0,0.0,0.0,427.0,0.0,25.0,10.0,1.0,1.0,1.0,7.5,0
509,0.1369067460317456,0.0,0.0,0.0,451.0,0.0,27.0,10.0,1.0,1.0,1.0,7.3,0
510,0.1369067460317456,0.0,6.0,0.0,452.0,0.0,24.0,10.0,1.0,1.0,1.0,7.2,0
511,0.1369067460317456,0.0,0.0,0.0,337.0,0.0,20.0,10.0,1.0,1.0,1.0,7.4,0
513,0.1369067460317456,0.0,0.0,0.0,382.0,0.0,20.0,10.0,1.0,1.0,1.0,7.5,0
514,0.1369067460317456,0.0,0.0,0.0,395.0,0.0,20.0,10.0,1.0,1.0,1.0,7.5,0
515,0.1369067460317456,0.0,0.0,0.0,425.0,0.0,20.0,10.0,1.0,1.0,1.0,7.5,0
516,0.05,0.0,0.0,0.0,352.0,0.0,20.0,82.0,1.0,1.0,1.0,7.5,1
519,0.13,0.0,4.0,0.0,399.0,0.0,730.0,360.0,1.0,1.0,6.3,7.4,1
521,0.05,0.0,7.0,0.0,355.0,0.0,54.0,23.0,1.0,1.0,1.0,7.5,0
523,0.05,0.0,0.0,5.0,399.0,0.0,20.0,12.0,1.0,1.0,1.0,7.2,0
524,0.05,0.0,2.5,1.5,302.0,0.0,20.0,12.999999999999998,1.3333333333333333,1.3333333333333333,0.2,8.2,0
525,0.14,0.0,24.0,3.0,520.0,0.0,49.0,19.0,1.5,1.0,0.2,7.7,0
527,0.05,0.0,0.0,0.0,491.0,0.0,428.0,2.083333333333333,1.0,1.0,1.4,7.5,1
529,0.19,0.0,0.0,0.0,310.0,0.0,20.0,49.47186754106111,1.0,1.0,1.0,7.6,0
533,0.05,0.0,0.0,0.0,536.0,0.0,234.0,13.0,1.0,1.0,2.6,7.0,1
537,0.05,0.0,30.0,0.0,291.0,0.0,20.0,10.0,1.3333333333333333,1.0,1.0,7.7,0
542,0.51,0.0,44.0,6.5,1062.0,0.0,10.0,28.0,3.0,3.0,0.3,6.5,0
545,0.1366666666666666,0.0,6.0,0.0,582.0,0.0,42.0,10.0,1.0,1.0,1.0,7.6,0
546,0.19,0.0,152.0,10.0,544.0,0.0,215.0,157.14285714285714,1.0,1.0,1.1,7.55,1
547,0.05,0.0,22.5,0.0,472.0,0.0,85.0,10.0,1.0,1.0,1.0,7.1,0
548,0.03,0.0,23.0,2.5,457.0,0.0,60.0,23.6,1.6666666666666663,1.6666666666666663,0.3,7.5,0
562,0.05,0.0,0.0,0.0,152.8,0.0,79.0,270.75,1.0,1.0,1.3,6.5,0
563,0.06,0.0,30.0,5.0,576.0,0.0,703.0,210.0,1.0,1.0,5.0,7.3,1
565,0.1833333333333333,0.0,4.0,0.0,346.0,0.0,20.0,10.0,1.0,1.0,1.0,7.8,0
566,0.05,0.0,4.0,0.0,395.0,0.0,20.0,10.0,1.0,1.0,1.0,7.7,0
567,0.03,0.0,0.0,3.6,394.0,0.0,10.0,1.1,1.0,1.0,0.3,7.7,0
574,0.145,0.0,166.0,0.0,461.0,0.0,20.0,33.0,1.0,1.0,1.0,7.7,0
579,0.05,0.0,11.0,0.0,491.0,0.0,20.0,10.0,1.0,1.0,1.0,7.5,0
582,0.05,0.0,18.5,0.0,207.0,0.0,25.0,10.0,1.6666666666666663,1.0,0.2,7.8,0
584,0.45,0.0,94.0,4.5,869.0,0.0,102.0,165.0,1.0,1.0,1.1,7.3,0
587,0.21,0.0,152.0,5.0,656.0,0.0,79.0,26.0,1.5,1.0,0.2,7.5,0
590,0.14,0.0,158.0,3.4620583717357896,421.0,0.0,122.0,13.25,1.6347641144624905,1.5895784543325526,0.2,7.7,0
592,0.05,0.0,107.0,3.4620583717357896,421.0,0.0,37.0,30.0,1.6347641144624905,1.5895784543325526,0.2,8.2,0
593,0.05,0.0,54.0,0.0,381.0,0.0,85.0,26.0,1.0,1.0,1.0,7.5,0
594,0.095,0.0,0.0,0.0,475.0,0.0,53.0,10.0,1.0,1.0,1.0,7.3,0
595,0.11,0.0,0.0,0.0,602.0,0.0,33.0,20.0,1.0,1.0,1.0,7.3,0
601,0.45,0.0,2.0,3.8,403.0,0.0,129.0,6.7,1.0,1.0,0.2,7.7,0
602,0.19,0.0,2.0,3.0,605.0,0.0,20.0,49.47186754106111,2.0,2.0,0.2,7.7,0
605,0.1966666666666666,0.0,0.0,0.0,326.0,0.0,20.0,87.0,1.0,1.0,1.0,7.4,1
608,0.18,0.0,0.0,0.0,414.0,0.0,20.0,10.0,1.0,1.0,1.0,7.5,0
609,0.1369067460317456,0.0,0.0,0.0,457.0,0.0,22.0,10.0,1.0,1.0,1.0,7.4,0
610,0.1369067460317456,0.0,0.0,0.0,316.0,0.0,20.0,10.0,1.0,1.0,1.0,7.5,0
614,0.12,0.0,97.0,3.0,500.0,0.0,100.0,6.25,1.0,1.0,0.5,8.64,0
615,0.04,0.0,0.0,5.0,565.0,0.0,10.0,11.2,2.0,2.0,0.5,7.8,0
622,0.08,0.0,0.0,15.0,961.0,0.0,513.0,30.0,4.0,4.0,2.08,7.92,1
623,0.23,0.0,0.0,0.0,336.0,0.0,177.0,10.0,1.0,1.0,1.0,7.3,0
629,0.05,0.0,0.0,0.0,372.0,0.0,115.0,541.0,1.0,1.0,1.0,7.6,1
630,0.16,0.0,103.0,6.0,1029.0,0.0,88.0,14.4,4.0,4.0,1.0,7.8,1
633,0.06,0.0,4.0,9.3,980.0,0.0,95.0,7.5,1.5,1.6666666666666663,1.38,8.21,0
635,0.092,0.0,73.0,15.0,569.0,0.0,0.01,30.0,1.0,1.0,0.89,8.1,0
644,0.19,0.0,4.0,0.0,439.0,0.0,27.0,83.0,1.0,1.0,1.0,7.3,1
646,0.05,0.0,40.0,3.0,716.0,0.0,64.0,0.67,1.0,1.0,0.5,7.6,0
652,0.215,0.0,7.0,5.8,907.0,0.0,20.0,10.0,1.0,1.0,2.97,7.45,0
654,0.05,0.0,164.0,0.0,465.0,0.0,152.0,26.0,1.0,1.0,2.1,7.7,0
658,0.1866666666666666,0.0,1.0,3.0,646.0,0.0,73.0,27.75,9.0,9.0,0.6,7.47,0
670,0.15,0.0,0.0,10.8,872.0,0.0,549.0,53.0,1.0,1.0,1.62,8.08,1
675,0.05,0.0,0.0,6.9,594.0,0.0,28.5,4.25,1.0,1.0,0.7,7.84,0
676,0.22,0.0,300.0,5.6,662.0,0.0,156.0,274.2857142857143,2.0,2.0,0.58,7.98,1
677,0.15,0.0,4.0,7.9,646.0,0.0,26.33333333333333,3.6666666666666665,1.0,1.0,2.33,7.67,0
679,0.08,0.0,4.0,7.5,849.0,0.0,166.0,49.47186754106111,1.0,1.0,0.87,8.08,0
682,0.05,0.0,34.0,3.0,623.0,0.0,39.0,49.47186754106111,1.5,1.5,0.5,7.32,0
685,0.11,0.0,1.3333333333333333,10.0,706.0,0.0,205.0,49.47186754106111,2.0,2.0,2.0,6.9,1
686,0.05,0.0,30.0,3.0,523.0,0.0,92.0,5.6,1.0,1.0,0.5,7.71,0
687,0.05,0.0,30.0,4.8,1726.0,0.0,62.5,30.0,3.0,3.0,0.5,7.85,1
689,0.05,0.0,5.0,3.0,712.0,0.0,44.33333333333333,8.175,2.0,2.0,0.5,7.57,0
693,0.15,0.0,7.0,13.2,893.0,0.0,74.0,23.066666666666663,1.0,1.0,1.65,7.91,0
698,0.08,0.0,6.0,10.1,667.0,0.0,127.38003448275865,19.3,1.0,1.0,0.7,7.23,0
702,0.08,0.0,0.0,7.4,589.0,0.0,102.4,30.0,1.0,1.0,0.51,7.74,0
703,0.19,0.0,279.0,7.0,622.0,0.0,80.0,33.8,4.0,4.0,1.1,7.4,0
704,0.1166666666666666,0.6666666666666666,5.5,6.0,691.0,0.6666666666666666,97.0,41.13333333333333,1.0,1.0,1.0,7.1,0
705,0.08,0.0,3.0,3.0,377.0,0.0,24.0,27.225,1.0,1.0,0.5,7.36,0
706,0.045,0.0,2.0,3.0,326.0,0.0,100.0,23.33333333333333,1.3333333333333333,1.3333333333333333,0.5,7.38,0
709,0.05,0.0,4.0,3.0,439.0,0.0,20.0,49.47186754106111,1.5,1.0,0.5,7.33,0
710,0.06,0.0,1.0,6.0,496.0,0.0,94.0,49.47186754106111,1.6347641144624905,1.5895784543325526,0.6,7.45,0
711,0.27,0.0,6.0,5.0,565.0,0.0,120.0,49.47186754106111,1.6347641144624905,1.5895784543325526,0.5,7.46,0
713,0.04,0.0,14.0,3.0,239.0,0.0,20.0,49.47186754106111,1.6347641144624905,1.5895784543325526,0.5,8.3,0
715,0.1369067460317456,0.0,14.0,4.0,624.0,0.0,15.0,49.47186754106111,2.0,2.0,1.0,7.1,0
722,0.25,0.0,29.0,6.0,696.0,0.0,97.0,49.47186754106111,1.5,1.5,0.5,8.09,0
723,0.23,0.0,52.0,3.0,739.0,0.0,130.0,29.0,4.0,4.0,0.6,7.73,0
725,0.05,1.1860902255639096,10.0,4.0,595.0,0.0852130325814536,31.0,5.0,2.0,2.0,1.0,7.5,0
726,0.17,0.0,300.0,3.0,707.0,0.0,200.0,20.0,1.0,1.0,1.0,7.85,1
731,3.5,0.0,28.0,14.0,646.0,0.0,64.0,10.0,8.0,8.0,1.3,7.6,1
732,0.14,0.0,0.0,3.0,514.0,0.0,120.0,10.0,2.0,1.0,1.0,7.3,0
735,0.05,0.5,0.0,3.0,694.0,0.0,29.0,5.0,2.0,2.0,1.0,7.3,0
736,0.05,0.0,33.0,9.0,835.0,0.0,82.0,5.0,1.6,1.6,0.5,7.53,0
738,0.05,0.0,59.5,7.0,632.0,0.0,345.0,13.0,2.0,2.0,2.1,7.2,1
744,0.11,4.666666666666666,18.0,9.0,645.0,3.333333333333333,610.0,6.0,4.0,4.0,1.0,7.0,1
747,0.08,0.0,14.0,10.5,633.0,0.0,161.0,30.0,4.0,4.0,1.08,8.11,0
751,0.08,0.0,8.0,21.4,1394.0,0.0,219.0,33.0,1.0,1.0,1.46,7.98,1
752,0.08,0.0,136.0,9.1,1012.0,0.0,172.0,30.0,1.0,1.0,1.46,8.03,0
755,0.05,0.0,0.0,0.0,542.0,0.0,31.0,11.5,1.0,1.0,0.3,7.5,0
757,0.03,0.0,0.0,4.5,449.0,0.0,73.0,23.5,1.5,1.5,0.3,7.5,0
760,0.08,0.0,4.0,8.6,926.0,0.0,60.0,508.57142857142856,1.0,1.0,1.9,7.87,0
767,0.06,0.0,0.0,1.0,733.0,0.0,132.0,49.47186754106111,2.5,8.5,0.3,7.2,0
769,0.05,100.0,300.0,0.0,464.0,0.0,27.0,10.0,1.0,1.0,1.0,7.6,1
772,0.05,0.0,0.0,0.0,274.0,0.0,20.0,10.0,1.0,1.0,1.0,7.9,0
773,0.3,0.0,0.0,2.5,838.0,0.0,97.0,10.0,1.0,1.0,0.3,7.4,0
774,0.05,0.0,10.0,0.0,316.0,0.0,20.0,10.0,1.0,1.0,1.0,7.7,0
779,0.05,0.0,0.0,0.0,336.0,0.0,20.0,10.0,1.0,1.0,1.0,7.7,0
781,0.05,0.0,0.0,4.0,379.0,0.0,30.0,5.0,1.0,3.0,1.0,7.0,0
783,0.235,0.0,0.0,0.0,434.0,0.0,94.33333333333331,48.33333333333333,1.0,1.0,1.0,7.6,0
803,0.2566666666666666,0.0,16.0,0.0,494.0,0.0,20.0,32.0,1.0,1.0,1.0,7.0,0
805,0.05,0.0,4.0,13.0,570.0,0.0,2000.0,3.6666666666666665,4.0,4.0,10.0,7.7,1
807,0.07,0.0,0.0,4.0,768.0,0.0,47.0,2.6,1.6666666666666663,1.6666666666666663,1.0,7.36,0
819,0.21,0.0,4.0,8.0,602.0,0.0,180.0,16.7,2.0,2.0,1.4,7.4,0
823,0.2,1.1860902255639096,21.0,3.0,556.0,0.0852130325814536,98.0,24.0,2.0,2.0,1.0,7.4,0
824,0.05,1.1860902255639096,0.0,2.0,561.0,0.0852130325814536,25.0,10.0,1.0,1.0,1.0,7.5,0
825,0.19,1.1860902255639096,7.0,2.0,723.0,0.0852130325814536,18.0,26.0,1.0,1.0,1.0,7.7,0
826,0.31,1.1860902255639096,0.0,3.0,975.0,0.0852130325814536,36.0,5.0,4.0,4.0,1.0,8.2,0
827,0.05,1.1860902255639096,4.0,3.0,488.0,0.0852130325814536,38.0,5.0,1.0,1.0,1.0,7.8,0
828,0.12,1.1860902255639096,12.0,2.0,590.0,0.0852130325814536,52.0,80.0,2.0,2.0,1.0,7.7,1
829,0.18,1.1860902255639096,4.0,13.0,633.0,0.0852130325814536,990.0,15.0,8.0,1.0,3.0,7.7,1
830,0.36,1.1860902255639096,0.0,3.0,615.0,0.0852130325814536,130.0,41.0,1.0,1.0,1.0,7.6,0
831,0.05,1.1860902255639096,4.0,2.0,804.0,0.0852130325814536,14.0,5.0,1.0,1.0,1.0,7.5,0
832,0.22,1.1860902255639096,4.0,2.0,835.0,0.0852130325814536,18.0,5.0,2.0,2.0,1.0,8.2,0
836,0.05,1.1860902255639096,7.0,3.0,509.0,0.0852130325814536,30.0,5.0,1.0,1.0,1.0,7.7,0
838,0.071,0.0,17.0,3.0,473.0,0.0,31.0,16.666666666666664,1.0,1.0,0.5,7.49,0
839,0.05,0.0,71.0,2.0,450.0,0.0,20.0,3.8,1.0,1.0,1.0,7.8,0
840,0.05,0.0,3.5,2.0,708.0,0.0,51.0,5.0,1.0,1.0,1.0,7.6,0
841,0.12,0.0,39.0,5.0,713.0,0.0,69.0,6.0,4.0,4.0,1.0,8.0,0
845,0.075,1.1860902255639096,45.5,2.0,319.0,0.0852130325814536,18.0,5.0,2.0,2.0,1.0,7.6,0
850,0.05,1.1860902255639096,145.0,3.0,461.0,0.0852130325814536,47.0,5.0,2.0,2.0,1.0,7.7,0
866,0.05,1.1860902255639096,24.0,4.0,559.0,0.0852130325814536,21.0,2.0,4.0,4.0,3.3,7.3,0
871,0.08,0.0,33.0,8.3,970.0,0.0,339.0,2.0,1.0,1.0,1.0,8.15,1
874,0.33,8.5,4.0,4.0,942.0,0.0,87.0,6.0,2.0,2.0,1.0,7.8,0
875,0.16,0.0,125.0,2.0,520.0,0.0,95.0,9.2,2.0,2.0,1.7,7.5,0
877,0.2533333333333333,0.0,0.0,3.075,649.75,0.0,69.0,7.0,2.8000000000000003,2.8000000000000003,1.0,7.0975,0
880,0.144,1.1860902255639096,0.0,6.4,458.5,0.0852130325814536,33.666666666666664,4.666666666666666,1.0,1.0,0.7450000000000001,7.375,0
881,0.225,1.1860902255639096,5.0,2.05,583.5,0.0852130325814536,55.0,8.0,2.2,2.2,1.0,7.165,0
882,0.81,1.1860902255639096,0.0,5.0,1045.0,0.0852130325814536,33.0,13.0,4.0,4.0,3.4,7.9,1
885,0.05,0.0,6.0,0.0,634.0,0.0,44.0,10.0,1.0,1.0,1.0,7.7,0
892,0.05,0.0,22.0,0.0,493.0,0.0,39.0,20.0,1.0,1.0,0.5,7.7,0
901,0.1433333333333333,0.0,4.0,4.0,587.0,0.0,13.0,5.0,2.0,2.0,3.2,7.3,0
921,0.1,0.0,86.0,5.9,658.0,0.0,170.0,35.0,1.0,1.0,0.28,7.5,0
923,0.13,0.0,35.0,4.0,467.0,0.0,54.0,15.7,1.0,1.0,1.0,7.8,0
926,0.05,0.0,150.0,3.0,450.0,0.0,51.0,5.0,2.0,2.0,1.0,7.8,0
927,0.05,0.0,9.5,3.0,353.0,0.0,61.0,5.0,1.0,1.0,1.0,7.8,0
934,0.05,0.0,5.5,0.0,339.0,0.0,52.0,0.5,1.0,1.0,1.15,8.05,0
936,0.11,0.0,28.0,7.5,749.0,0.0,58.66666666666666,55.66666666666666,2.0,2.0,0.54,7.97,0
938,0.25,0.0,4.0,7.6,597.0,0.0,84.0,5.05,1.0,1.0,0.54,7.62,0
939,0.08,0.0,20.0,10.4,562.0,0.0,68.0,7.066666666666666,1.0,1.0,0.5,7.83,0
940,0.4175,0.0,0.0,3.0,381.0,0.0,135.0,49.47186754106111,2.0,2.0,1.0,7.8,0
949,0.05,0.0,16.0,2.0,675.0,0.0,21.0,2.0,1.0,1.0,1.0,6.9,0
962,0.05,0.0,42.0,10.25,669.0,0.0,39.0,3.4,1.5,1.5,1.0,7.92,0
965,0.05,1.0,4.0,1.5,417.0,0.0,215.5,8.333333333333332,1.5,1.5,3.8,8.13,1
970,0.21,0.0,2.0,5.0,730.0,0.0,24.0,61.0,1.0,1.5895784543325526,0.5,8.0,1
971,0.08,0.0,4.0,9.3,787.0,0.0,40.0,30.0,1.0,1.0,0.73,7.57,1
979,0.1533333333333333,0.0,7.0,6.0,543.0,0.0,530.0,65.66666666666667,2.0,2.0,1.0,7.2,1
981,0.05,0.0,5.0,2.0,581.0,0.0,13.0,17.7,1.0,1.0,1.0,7.2,0
987,0.16,0.0,110.0,3.0,522.0,0.0,110.0,45.0,2.0,2.0,1.0,7.1,0
989,0.21,1.1860902255639096,23.0,4.0,717.0,0.0852130325814536,23.0,63.0,2.0,2.0,1.0,7.6,1
990,0.05,1.1860902255639096,29.0,2.0,503.0,0.0852130325814536,28.0,5.0,2.0,2.0,4.6,7.7,0
991,0.05,1.1860902255639096,300.0,3.0,450.0,0.0852130325814536,31.0,7.0,2.0,2.0,1.0,7.1,0
992,0.05,0.0,12.0,0.0,493.0,0.0,114.0,10.5,1.0,1.0,1.4,7.3,0
994,0.044,0.0,15.5,8.0,743.0,0.0,10.0,16.5,1.0,1.0,0.5,7.3,0
1000,0.05,0.0,2.6666666666666665,7.5,472.0,0.0,124.0,58.66666666666666,1.0,1.0,0.8400000000000001,7.45,0
1003,0.08,0.0,10.5,5.5,636.0,0.0,23.0,49.47186754106111,1.0,1.0,0.5,7.33,0
1008,0.045,0.0,4.0,2.0,570.0,0.0,18.0,5.0,2.0,2.0,1.0,7.6,0
1009,0.1233333333333333,0.0,300.0,3.0,612.0,0.0,80.0,170.2,1.0,1.0,1.0,8.1,1
1017,0.05,0.0,37.0,6.0,710.0,0.0,185.0,36.0,1.0,1.0,1.8,7.3,0
1027,0.73,0.0,300.0,11.0,1683.0,0.0,43.0,47.0,4.0,4.0,1.0,7.7,1
1028,0.29,0.0,24.0,2.0,320.0,0.0,42.0,9.0,2.0,2.0,1.3,7.8,0
1031,0.21,0.0,11.0,11.0,166.0,0.0,140.0,16.0,4.0,4.0,1.0,8.0,0
1044,0.05,1.1860902255639096,7.0,2.0,735.0,0.0852130325814536,59.0,5.0,1.0,1.0,1.4,7.8,0
1051,0.08,0.0,20.5,8.4,454.0,0.0,20.0,17.0,1.0,1.0,0.68,7.88,0
1052,0.11,0.0,24.0,3.0,551.0,0.0,30.0,5.0,1.0,1.0,1.0,7.7,0
1065,0.1366666666666666,0.0,7.0,3.0,543.0,0.0,505.0,12.5,4.5,1.0,0.5,7.52,0
1067,0.05,0.0,0.0,0.5,408.5,0.0,34.0,2.0,2.5,1.0,1.0,7.7,0
1073,0.065,0.0,0.0,3.8,470.0,0.0,20.0,14.000000000000002,1.0,1.0,0.59,7.64,0
1074,0.05,0.0,0.0,0.0,338.0,0.0,43.0,0.5,1.0,1.0,1.35,7.98,0
1077,0.05,0.0,15.0,1.5,369.0,0.0,38.0,0.5,1.0,1.0,0.75,7.83,0
1081,0.1533333333333333,0.0,8.0,20.0,503.0,0.0,2300.0,23.0,4.0,4.0,11.0,7.6,1
1082,0.145,0.0,186.0,3.0,478.0,0.0,40.0,13.5,2.0,2.0,1.0,7.9,0
1083,0.0385,0.0,9.0,3.0,534.0,0.0,70.0,8.0,2.0,2.0,1.0,7.8,0
1091,0.1369067460317456,1.1860902255639096,300.0,2.0,648.0,0.0852130325814536,35.0,49.47186754106111,2.0,2.0,1.0,7.9,1
1092,0.05,1.1860902255639096,60.0,4.0,570.0,0.0852130325814536,22.0,5.5,2.0,2.0,1.0,7.9,1
1096,0.24,1.1860902255639096,4.0,2.0,633.0,0.0852130325814536,185.0,40.0,4.0,16.0,4.1,7.7,1
1099,0.1633333333333333,1.1860902255639096,300.0,11.0,579.0,0.0852130325814536,97.5,20.5,2.0,2.0,1.0,7.6,0
1100,0.98,0.0,300.0,10.0,875.0,0.0,52.0,11.0,4.0,4.0,1.0,7.6,1
1101,0.05,0.0,44.0,3.0,180.0,0.0,58.0,5.0,2.0,2.0,1.0,7.7,0
1103,0.05,0.0,10.0,3.0,515.0,0.0,30.666666666666664,11.35,2.0,2.0,1.3,8.0,0
1105,0.1149999999999999,0.0,2.0,2.0,517.0,0.0,15.0,13.333333333333332,4.0,4.0,1.0,7.8,0
1107,0.25,1.1860902255639096,38.0,4.0,634.0,0.0852130325814536,200.0,5.0,1.0,1.0,1.0,7.5,0
1109,0.12,1.1860902255639096,185.0,5.0,291.0,0.0852130325814536,280.0,18.0,6.0,6.0,1.0,7.8,1
1110,0.21,1.1860902255639096,24.0,3.0,742.0,0.0852130325814536,72.0,33.0,2.0,1.0,1.0,8.1,0
1117,0.065,1.1860902255639096,0.0,4.0,716.0,0.0852130325814536,20.0,8.416666666666666,1.0,1.0,1.0,7.5,0
1132,0.05,0.0,6.5,4.65,354.0,0.0,32.0,21.1,1.0,1.0,1.0,7.8,0
1135,0.05,0.0,51.0,0.0,510.5,0.0,40.0,12.0,1.0,1.0,1.0,7.4,0
1137,0.08,0.0,10.0,6.9,627.0,0.0,44.0,8.533333333333333,1.0,1.0,1.57,7.25,0
1138,0.11,0.0,38.05927636643571,7.3,469.0,0.0,22.666666666666664,21.5,1.0,1.0,1.0,7.97,0
1141,0.11,0.0,38.05927636643571,8.3,448.0,0.0,127.38003448275865,49.47186754106111,1.0,1.0,1.93,8.02,0
1154,0.05,0.0,4.0,3.0,342.0,0.0,127.38003448275865,49.47186754106111,1.0,1.0,0.5,7.66,0
1155,0.0966666666666666,0.0,10.0,3.0,432.0,0.0,20.0,49.47186754106111,1.0,1.0,0.5,7.36,0
1160,0.25,0.0,23.0,12.9,376.0,0.0,32.666666666666664,49.47186754106111,2.0,2.0,0.5,7.75,0
1165,0.31,0.0,36.0,4.0,497.0,0.0,12.0,49.47186754106111,1.0,1.0,1.0,7.1,0
1171,0.05,0.0,2.6666666666666665,12.0,486.0,0.0,28.0,5.0,2.0,2.0,1.0,7.4,0
1183,0.07,0.0,0.0,4.0,759.0,0.0,365.0,58.0,4.0,4.0,1.0,7.6,1
1184,0.047,1.1860902255639096,252.0,2.0,334.0,0.0852130325814536,47.0,48.5,1.0,1.0,1.0,7.6,0
1185,0.05,1.1860902255639096,0.0,2.0,576.0,0.0852130325814536,17.0,14.525,1.0,1.0,1.0,7.7,0
1190,0.1369067460317456,1.1860902255639096,10.0,3.0,653.0,0.0852130325814536,62.0,49.47186754106111,1.0,1.0,1.0,7.6,0
1192,0.1369067460317456,1.1860902255639096,177.0,5.0,554.0,0.0852130325814536,60.0,49.47186754106111,2.0,2.0,1.0,7.5,0
1193,0.1369067460317456,1.1860902255639096,15.0,6.0,631.0,0.0852130325814536,125.0,49.47186754106111,2.0,2.0,1.5,7.4,0
1194,0.1369067460317456,1.1860902255639096,0.0,13.0,676.0,0.0852130325814536,1170.0,49.47186754106111,4.0,4.0,4.6,7.6,1
1195,0.1369067460317456,1.1860902255639096,6.0,4.0,617.0,0.0852130325814536,58.0,49.47186754106111,2.0,2.0,1.0,7.6,0
1209,0.1369067460317456,0.0,1.0,3.0,381.5,0.0,31.0,49.47186754106111,1.6666666666666663,1.6666666666666663,0.5,7.8,0
1213,0.05,0.0,20.0,2.0,612.0,0.0,55.0,7.0,2.0,2.0,1.0,7.9,0
1215,0.05,0.0,4.0,2.0,653.0,0.0,30.0,5.0,1.0,1.5,1.0,8.6,0
1216,0.05,0.0,5.0,2.0,618.0,0.0,16.0,2.0,2.0,2.0,1.0,8.1,0
1223,0.05,0.0,130.0,0.0,553.0,0.0,162.0,10.0,1.0,1.0,1.0,7.3,0
1224,0.05,0.0,14.0,0.0,588.0,0.0,20.0,38.1,1.0,1.0,1.0,7.4,0
1228,0.09,0.0,15.0,4.0,978.0,0.0,21.0,8.75,1.0,1.0,0.5,7.44,0
1235,0.05,0.0,8.0,0.5,736.0,0.0,34.0,49.47186754106111,1.0,1.0,0.65,7.58,0
1240,0.37,0.0,142.0,10.0,217.0,0.0,79.0,5.0,4.0,4.0,1.0,7.9,0
1249,0.73,0.0,300.0,6.0,875.0,0.0,20.0,310.0,1.0,1.0,1.0,7.5,1
1273,0.0455,0.0,31.0,5.0,482.0,0.0,34.0,20.0,1.0,1.0,0.3,7.8,0
1277,0.17,0.0,27.0,6.0,647.0,0.0,185.0,26.5,2.0,2.0,2.4,7.6,0
1286,0.2,0.0,25.0,6.0,640.0,0.0,240.0,5.0,1.4,1.4,0.72,7.5,1
1291,0.08,4.0,4.0,5.1,548.0,0.0,27.33333333333333,7.333333333333333,1.0,1.0,0.68,7.25,1
1292,0.05,0.0,31.0,3.0,518.0,0.0,238.66666666666663,13.333333333333332,1.0,1.0,1.0,7.3,0
1293,0.05,0.75,25.0,3.0,442.0,0.0,345.0,49.47186754106111,2.0,2.0,6.6,7.7,1
1297,0.065,0.0,41.0,2.0,634.0,0.0,20.0,20.0,2.0,2.0,1.0,7.5,0
1303,0.0966666666666666,1.1860902255639096,11.0,2.0,523.0,0.0852130325814536,45.0,5.0,2.0,2.0,1.3,7.7,0
1307,0.15,77.0,54.0,0.0,706.0,4.0,200.0,10.0,1.0,1.0,3.7,7.5,1
1313,0.2816666666666666,0.0,34.0,4.1,716.0,0.0,83.0,6.0,3.4000000000000004,3.4000000000000004,1.0,7.03,0
1315,0.73,0.0,7.0,0.0,871.0,0.0,20.0,10.0,2.0,1.0,1.0,6.7,1
1316,0.05,0.0,86.0,7.9,628.0,0.0,186.0,10.0,1.0,1.0,1.0,7.7,0
1318,0.05,0.0,76.0,5.0,767.0,0.0,40.0,49.47186754106111,3.0,3.0,0.5,7.6,1
1319,0.05,0.0,10.0,4.0,413.0,0.0,120.0,12.0,1.0,1.0,1.3,7.8,0
1321,0.155,0.0,4.0,5.0,698.0,0.0,59.0,22.1,1.0,1.0,1.0,7.6,0
1322,0.0849999999999999,0.0,4.0,3.0,919.0,0.0,20.0,16.0,3.5,3.5,0.5,7.62,0
1323,0.05,0.0,3.0,6.0,1022.0,0.0,20.0,11.0,1.0,1.0,0.5,7.3,0
1327,0.33,0.0,0.0,3.0,599.0,0.0,100.0,2.0,4.0,4.0,1.0,7.3,0
1349,0.09,0.0,83.0,4.0,675.0,0.0,780.0,7780.0,4.0,2.0,33.0,7.4,1
1352,0.05,0.0,1.3333333333333333,2.0,156.0,0.0,17.0,4.0,2.0,2.0,1.0,7.5,0
1353,0.12,0.0,207.0,4.0,866.0,0.0,60.0,20.0,2.0,2.0,2.5,7.9,1
1360,0.05,0.0,0.0,1.0,430.0,0.0,58.0,10.0,4.0,1.0,1.0,7.9,0
1364,0.05,0.0,21.0,0.0,617.0,0.0,20.0,10.0,1.0,1.0,1.0,7.3,0
1368,0.08,14.0,820.0,7.1,561.0,10.0,28.0,6.5,1.0,1.0,0.5,7.43,1
1369,0.05,0.0,0.0,0.0,479.0,0.0,124.0,13.0,1.0,1.0,1.0,7.6,0
1375,0.08,2.5,16.0,5.0,604.0,2.0,22.0,2.4,2.0,2.0,1.0,7.6,0
1377,0.0866666666666666,0.0,78.0,3.0,632.0,0.0,150.0,22.0,2.0,2.0,1.0,7.7,0
1378,0.14,0.0,31.0,0.0,354.0,0.0,135.0,18.0,1.0,1.0,1.6,7.7,0
1385,0.05,0.0,4.0,2.0,420.0,0.0,27.0,3.5,4.0,4.0,1.0,7.8,0
1395,0.05,0.0,0.0,0.0,412.0,0.0,20.0,10.0,1.0,1.0,1.0,7.3,0
1402,0.07,0.0,9.0,4.0,516.0,0.0,90.0,5.0,2.0,2.0,1.0,7.8,0
1409,0.08,0.0,4.0,2.0,448.0,0.0,20.0,6.833333333333333,1.0,1.0,0.64,7.8,0
1411,0.075,0.0,11.0,3.0,708.0,0.0,600.0,20.0,2.5,2.5,0.6,7.4,1
1413,0.15,0.0,10.0,2.0,534.0,0.0,20.0,153.0,1.0,1.0,1.0,7.4,1
1417,0.1699999999999999,0.0,14.0,3.0,368.0,0.0,29.0,5.0,2.0,2.0,1.0,7.8,0
1418,0.07,0.0,17.0,3.0,386.0,0.0,27.0,21.0,2.0,2.0,1.0,7.8,0
1420,0.175,1.1860902255639096,53.0,4.0,240.0,0.0852130325814536,49.0,5.0,1.0,1.0,1.0,7.5,0
1441,0.1369067460317456,0.0,80.0,3.0,573.0,0.0,120.0,7.333333333333333,2.0,2.0,0.5,7.83,0
1450,0.1369067460317456,0.0,2.5,1.025,517.25,0.0,41.0,9.0,1.6,1.6,1.0,7.2325,0
1465,0.24,0.0,0.0,8.1,878.0,0.0,889.0,64.66666666666667,1.0,1.0,2.0,7.87,1
1474,0.05,0.0,5.0,3.0,766.0,0.0,52.5,49.47186754106111,1.0,1.0,3.1,7.5,0
1475,0.05,0.0,0.0,0.0,499.0,0.0,138.0,89.0,4.0,2.0,1.0,7.4,1
1477,0.05,0.0,44.0,5.666666666666666,452.0,0.0,57.0,12.333333333333332,1.3333333333333333,1.3333333333333333,0.2,7.7,0
1483,0.05,0.0,2.0,1.5,353.0,0.0,30.0,16.0,5.0,1.6666666666666663,0.2,8.0,0
1485,0.05,0.0,60.0,0.0,512.0,0.0,20.0,10.0,1.0,1.0,1.0,7.6,0
1490,0.05,0.0,91.0,18.0,2080.0,0.0,65.0,9.0,2.0,2.0,1.0,7.0,1
1507,0.05,0.0,7.5,0.0,603.0,0.0,20.0,10.0,1.0,1.0,1.0,7.2,0
1524,0.1933333333333333,0.0,0.0,0.0,278.0,0.0,36.0,20.0,1.0,1.0,1.0,7.4,0
1526,0.16,0.0,8.0,1.0,514.0,0.0,42.0,16.666666666666664,1.3333333333333333,1.3333333333333333,0.7000000000000001,7.68,0
1555,0.05,0.0,0.0,0.0,465.0,0.0,20.0,49.47186754106111,1.0,1.0,1.0,7.3,0
1585,0.05,0.0,0.0,0.0,416.0,0.0,20.0,10.0,1.0,1.0,1.0,7.1,0
1593,0.05,0.0,41.0,6.0,785.0,0.0,132.33333333333334,13.666666666666666,2.0,2.0,1.0,7.3,0
1595,0.57,0.0,57.0,12.0,651.0,0.0,6600.0,58.2,2.0,1.0,50.0,6.9,1
1602,0.14,0.0,300.0,12.0,553.0,0.0,1270.0,23.0,8.0,1.0,7.0,7.7,1
1612,0.12,0.0,0.0,0.0,338.0,0.0,666.0,314.0,1.0,1.0,10.0,7.2,1
1659,0.64,0.0,168.0,7.0,699.0,0.0,290.0,100.0,1.0,1.5895784543325526,0.5,7.4,1
1664,0.05,0.0,0.0,0.0,475.0,0.0,100.0,10.0,1.0,1.5895784543325526,1.0,7.6,0
1669,0.05,0.0,0.0,0.0,563.0,0.0,44.0,14.0,1.0,1.5895784543325526,1.0,7.3,0
1672,0.05,0.0,0.0,0.0,33.0,0.0,20.0,10.0,1.0,1.0,1.0,7.5,0
1690,0.05,0.0,7.5,0.0,367.0,0.0,22.0,42.5,1.0,1.0,1.0,7.7,0
1693,0.05,17.0,2.0,0.0,413.0,0.0,171.0,9.0,1.0,1.0,1.9,7.9,1
1695,0.18,0.0,0.0,0.0,451.0,0.0,151.0,10.0,8.0,1.3333333333333333,1.0,7.5,0
1713,0.05,0.0,5.999999999999999,10.0,477.0,0.0,75.0,25.0,1.25,1.25,0.75,7.57,0
1714,0.08,0.0,33.0,6.3,569.0,0.0,40.0,30.0,1.0,1.0,0.92,7.24,0
1724,0.94,0.0,300.0,5.0,560.0,0.0,160.0,10.0,1.0,1.0,0.6,8.17,1
1727,0.13,0.0,123.0,6.8,525.0,0.0,58.0,30.4,1.0,1.0,0.59,7.48,0
1736,0.7925,0.0,4.0,0.0,534.0,0.0,36.0,10.5,1.0,1.0,1.7,7.2,0
1767,0.08,5.0,4.0,8.8,794.0,4.0,96.0,18.7,1.0,1.0,0.5,7.45,1
1769,0.11,0.0,2.5,22.3,178.0,0.0,36.66666666666666,7.033333333333333,1.0,1.0,0.92,7.55,0
1770,0.19,0.0,1.3333333333333333,15.0,155.0,0.0,127.38003448275865,49.47186754106111,1.0,1.0,0.68,7.72,0
1774,0.31,0.0,9.0,3.0,881.0,0.0,19.0,5.0,1.0,1.0,1.0,7.6,0
1775,0.05,0.0,2.6666666666666665,0.0,397.0,0.0,23.0,625.7142857142857,1.0,1.0,1.0,7.7,0
1784,0.08,0.0,4.0,6.3,635.0,0.0,40.0,30.0,1.0,1.0,1.0,7.28,0
1792,0.1,0.0,80.0,1.0,972.0,0.0,36.0,7.0,1.5,1.5,0.5,7.9,0
1794,0.36,0.0,88.0,6.333333333333332,260.0,0.0,201.0,12.666666666666666,1.6666666666666663,1.6666666666666663,1.15,6.89,0
1808,0.08,0.0,111.66666666666666,8.1,593.0,0.0,21.33333333333333,27.25,1.0,1.0,1.73,7.37,0
1820,0.38,0.0,3.5,11.2,348.0,0.0,127.38003448275865,49.47186754106111,1.0,1.0,0.5,7.78,0
1821,0.05,0.0,0.0,0.0,636.0,0.0,20.0,49.47186754106111,1.0,1.0,1.0,7.5,0
1906,0.35,0.0,132.0,8.0,964.0,0.0,56.0,6.5,2.0,1.0,1.0,7.5,0
1912,0.49,0.0,300.0,6.0,1039.0,0.0,160.0,40.0,2.0,2.0,1.6,7.5,0
1919,0.2,0.0,64.5,11.1,424.0,0.0,67.5,19.6,1.0,1.0,1.14,7.67,0
1933,0.04,0.0,8.5,4.5,478.5,0.0,1243.0,30.0,1.6666666666666663,1.6666666666666663,1.0,7.390000000000001,1
1938,0.05,0.0,5.0,0.0,293.0,0.0,31.0,13.333333333333332,1.0,1.0,1.1,7.6,0
1939,0.05,0.0,0.0,0.0,388.0,0.0,20.0,14.0,1.0,1.0,1.0,7.6,0
2078,0.21,0.0,24.0,4.0,495.0,0.0,200.0,35.0,16.0,16.0,4.9,8.0,1
2108,0.05,0.0,300.0,0.0,367.0,0.0,50.0,12.0,1.0,1.0,2.0,7.6,0
2200,0.06,0.0,0.0,0.0,719.0,0.0,59.0,10.0,1.0,1.0,1.0,7.6,1
2208,0.0833333333333333,1.3333333333333333,4.0,3.0,479.0,1.3333333333333333,120.0,59.2,2.0,2.0,1.8,7.6,1
2209,0.25,0.0,300.0,7.0,626.0,0.0,2685.0,360.0,2.0,1.0,19.0,7.0,1
2301,0.05,0.0,300.0,3.0,591.0,0.0,40.0,27.0,2.0,2.0,1.0,7.6,0
2302,0.0815,1.1860902255639096,53.0,9.0,521.0,0.0852130325814536,15.505,23.33333333333333,1.0,1.0,0.6950000000000001,7.795,1
2311,0.22,1.1860902255639096,4.0,2.0,457.0,0.0852130325814536,150.0,23.0,2.0,2.0,1.6,7.6,0
165,0.08,0.0,4.0,7.8,1170.0,0.0,74.0,30.0,1.0,1.0,0.5,7.91,0
169,0.23,0.0,12.0,2.0,550.0,0.0,45.0,20.0,1.6666666666666663,1.6666666666666663,0.4,8.2,1
170,0.24,0.0,32.5,7.0,662.0,0.0,44.0,19.0,2.0,2.0,1.86,7.6,0
172,0.21,2.0,300.0,13.0,964.0,0.0,200.0,20.0,2.0,2.0,2.5,8.11,1
173,0.06,0.0,7.0,0.0,412.0,0.0,86.0,10.0,1.0,1.0,2.0,7.5,0
175,0.05,0.0,0.0,0.0,384.0,0.0,20.0,30.25,1.0,1.0,1.0,7.6,0
182,0.21,0.0,89.0,10.6,757.0,0.0,59.2,30.0,5.0,5.0,1.89,7.8,0
187,0.05,0.0,0.0,0.0,498.0,0.0,20.0,10.0,1.0,1.0,1.0,7.6,0
188,0.1966666666666666,0.0,74.0,4.1,987.0,0.0,280.0,20.5,2.0,2.0,0.5,7.4,1
193,0.08,0.0,16.0,11.5,622.0,0.0,110.45,22.93333333333333,1.0,1.0,1.24,7.55,0
196,0.08,0.0,3.0,5.4,620.0,0.0,44.8,30.0,2.0,2.0,0.54,7.86,0
197,0.05,0.0,0.0,0.0,558.0,0.0,20.0,10.0,1.0,1.0,1.0,7.5,0
199,0.05,0.0,0.0,0.0,493.0,0.0,34.0,32.0,1.0,1.0,1.0,7.2,0
205,0.24,0.0,0.0,0.0,359.0,0.0,21.0,10.0,1.0,1.0,1.0,7.7,0
207,0.125,0.0,4.0,5.0,588.5,0.0,62.5,10.4,1.6666666666666663,1.6666666666666663,0.75,7.475,0
210,0.05,0.0,4.0,0.0,504.0,0.0,20.0,10.0,1.0,1.0,1.0,7.2,0
214,0.05,0.0,14.0,0.0,436.0,0.0,20.0,14.0,1.0,1.0,1.0,7.3,0
216,0.072,0.0,54.0,0.0,495.0,0.0,64.0,62.0,1.0,1.0,1.0,7.4,1
225,0.05,0.0,9.0,0.0,370.0,0.0,68.0,10.0,1.0,1.5,1.0,7.7,0
226,0.1,0.0,0.0,0.0,418.0,0.0,480.5,326.0,1.0,2.5,1.0,7.3,0
235,0.3633333333333333,0.0,0.0,0.0,462.0,0.0,20.0,10.0,1.0,1.0,1.0,7.6,0
236,0.11,0.0,0.0,0.0,475.0,0.0,20.0,21.0,1.0,1.0,1.0,7.6,0
243,0.02,0.0,104.0,5.0,532.0,0.0,27.5,5.0,3.333333333333333,3.333333333333333,0.5,8.2,0
254,0.08,0.0,0.0,0.0,505.0,0.0,20.0,10.0,1.0,1.0,1.0,7.5,0
260,0.05,0.0,0.0,0.0,477.0,0.0,20.0,30.0,1.0,1.0,1.0,7.4,0
261,0.11,0.0,0.0,0.0,410.0,0.0,66.0,40.0,1.0,3.0,1.0,7.8,0
267,0.09,0.0,12.0,0.0,267.0,0.0,26.0,10.0,1.0,1.0,1.0,7.4,0
271,0.05,0.0,73.0,23.9,995.0,0.0,97.0,19.0,4.0,4.0,1.84,8.0,0
276,0.1,0.0,35.0,0.0,876.0,0.0,150.0,38.0,1.0,2.0,0.77,8.0,0
277,0.05,0.0,19.0,0.0,631.0,0.0,43.0,10.0,1.0,1.0,1.0,7.5,0
278,0.4,0.0,3.0,0.0,866.0,0.0,41.0,18.0,1.0,1.0,1.0,7.9,0
281,0.05,0.0,0.0,0.0,403.0,0.0,20.0,19.0,1.0,1.0,1.0,7.6,0
282,0.065,0.0,0.0,0.0,660.0,0.0,255.5,10.0,1.0,1.0,1.0,7.2,0
284,0.05,0.0,19.0,0.0,179.0,0.0,31.5,8.840000000000002,1.0,1.0,1.0,7.7,0
286,0.095,0.0,4.0,0.0,323.0,0.0,130.5,6.5,1.0,1.0,1.0,7.5,0
287,0.08,0.0,12.0,0.0,369.0,0.0,114.26529824561403,9.6,1.0,1.0,1.0,7.7,0
290,0.05,0.0,5.0,0.0,581.0,0.0,88.0,42.12989209476894,1.0,1.0,1.0,7.6,0
292,0.05,0.0,6.0,0.0,473.0,0.0,29.0,42.12989209476894,1.0,1.0,1.0,7.5,0
294,0.05,0.0,0.0,0.0,492.0,0.0,20.0,42.12989209476894,1.0,1.0,1.0,7.4,0
297,0.05,0.0,12.0,0.0,497.0,0.0,20.0,10.0,1.0,1.0,1.0,7.4,0
298,0.095,0.0,43.0,0.0,459.0,0.0,20.0,10.0,1.0,1.0,1.0,7.4,0
300,0.05,0.0,28.0,5.0,669.0,0.0,80.0,2.0,4.0,4.0,3.1,7.6,1
302,0.19,0.0,60.0,2.0,644.0,0.0,19.0,2.0,2.0,2.0,1.0,8.0,0
303,0.08,0.0,32.0,2.95,650.0,0.0,160.0,28.0,1.0,1.0,0.89,8.0,0
308,0.05,0.0,0.0,0.0,541.0,0.0,20.0,10.0,1.0,1.0,1.0,7.4,0
310,0.05,0.0,27.0,0.0,291.0,0.0,20.0,10.0,1.0,1.0,1.0,7.7,1
312,0.05,0.0,0.0,0.0,737.0,0.0,20.0,11.433333333333334,1.0,1.0,1.0,7.2,0
313,0.05,0.0,4.0,0.0,409.0,0.0,20.0,13.0,1.0,1.0,1.0,7.4,0
314,0.05,0.0,0.0,0.0,606.0,0.0,20.0,21.5,1.0,1.0,1.0,7.3,0
316,0.05,0.0,4.0,0.0,481.0,0.0,20.0,42.12989209476894,1.0,1.0,1.0,7.6,0
318,0.05,0.0,0.0,0.0,620.0,0.0,20.0,10.0,1.0,1.0,1.0,7.2,0
322,0.05,0.0,46.0,0.0,354.0,0.0,20.0,175.0,1.0,1.5,1.0,7.3,1
326,0.05,0.0,0.0,0.0,582.0,0.0,20.0,17.333333333333332,1.0,1.0,1.0,7.3,0
328,0.05,0.0,0.0,0.0,501.0,0.0,20.0,21.0,1.0,1.0,1.0,7.3,0
330,0.05,0.0,0.0,0.0,565.0,0.0,151.0,25.666666666666668,1.0,1.0,1.0,7.3,0
331,0.05,0.0,22.0,0.0,526.0,0.0,20.0,10.0,1.0,1.0,1.0,7.2,0
332,0.05,0.0,0.0,0.0,676.0,0.0,20.0,25.0,1.0,1.0,1.0,7.3,0
335,0.05,0.0,0.0,0.0,540.0,0.0,64.0,10.0,1.0,1.0,1.0,7.2,0
336,0.497,0.0,410.0,9.0,684.0,0.0,180.0,17.0,2.0,2.0,2.0,8.08,1
338,0.05,0.0,88.0,0.0,555.0,0.0,20.0,10.0,1.0,1.0,1.0,7.3,0
339,0.177,0.0,62.0,3.0,580.0,0.0,106.0,18.0,1.0,1.0,1.1,8.15,0
342,0.05,0.0,4.0,0.0,457.0,0.0,20.0,24.666666666666664,1.0,1.0,1.0,7.5,0
344,0.05,0.0,15.666666666666666,0.0,336.0,0.0,20.0,8.860000000000001,1.0,1.0,1.0,7.8,0
345,0.05,0.0,0.0,0.0,517.0,0.0,20.0,10.666666666666666,1.0,1.0,1.0,7.3,0
346,0.06,0.0,14.0,0.0,751.0,0.0,100.0,12.0,1.0,1.0,1.0,7.5,0
348,0.354,0.0,57.0,12.0,640.0,0.0,192.0,26.0,1.0,1.0,1.9,8.13,0
349,0.05,0.0,229.0,0.0,63.0,0.0,20.0,10.0,1.0,1.0,1.0,8.2,0
350,0.05,0.0,0.0,0.0,568.0,0.0,20.0,7.5,1.0,1.0,1.0,7.3,0
354,0.19,0.0,0.0,0.0,447.0,0.0,20.0,10.0,1.0,2.0,1.0,7.1,0
355,0.05,0.0,0.0,0.0,403.0,0.0,20.0,42.73333333333333,1.0,1.0,1.0,7.4,0
357,0.05,0.0,0.0,0.0,515.0,0.0,67.5,352.5,1.0,1.0,1.0,7.4,0
358,0.05,0.0,6.0,1.0,392.0,0.0,80.0,19.0,1.0,1.0,0.18,7.5,0
359,0.205,0.0,15.0,0.0,448.0,0.0,100.0,42.12989209476894,1.0,1.0,0.18,7.7,0
360,0.05,0.0,0.0,0.0,530.0,0.0,64.0,42.12989209476894,1.0,1.0,1.0,7.4,0
363,0.135,0.0,8.0,4.5,605.0,0.0,150.0,42.12989209476894,1.0,1.0,0.18,7.6,0
367,0.05,0.0,4.0,0.0,287.0,0.0,31.0,42.12989209476894,1.0,1.0,1.0,8.0,0
369,0.1233333333333333,0.0,8.0,0.0,170.0,0.0,301.0,29.0,1.0,1.0,3.5,7.4,1
370,0.05,0.0,0.0,0.0,652.0,0.0,22.0,44.0,1.0,1.0,1.0,7.3,0
374,0.05,0.0,0.0,0.0,292.0,0.0,104.0,22.285714285714285,1.0,1.0,1.0,8.0,0
380,0.065,0.0,0.0,0.0,576.0,0.0,20.0,13.333333333333332,1.0,1.0,1.0,7.5,0
381,0.05,0.0,0.0,0.0,580.0,0.0,20.0,42.12989209476894,1.0,1.0,1.0,7.5,0
382,0.1,0.0,9.0,0.0,424.0,0.0,131.0,10.0,1.0,1.0,2.2,8.05,0
384,0.05,0.0,9.0,0.0,796.0,0.0,52.0,10.0,1.0,1.0,1.0,7.8,0
391,0.05,0.0,22.0,0.0,214.0,0.0,21.0,10.35,1.0,1.0,1.0,8.0,0
392,0.05,4.0,0.0,0.0,315.0,0.0,20.0,10.0,1.0,1.0,1.0,7.4,1
393,0.07,0.0,0.0,0.0,566.0,0.0,20.0,14.0,1.0,1.0,1.0,7.4,0
394,0.314,0.0,54.0,5.0,1603.0,0.0,20.0,16.0,2.5,2.5,0.5,8.3,0
395,0.042,0.0,0.0,0.0,412.0,0.0,20.0,10.0,1.0,1.0,1.0,7.4,0
396,0.1,0.0,0.0,9.0,1516.0,0.0,50.0,10.0,1.5,1.5,0.5,7.4,0
399,0.1,0.0,0.0,0.0,466.0,0.0,20.0,7.999999999999999,1.0,1.0,1.0,7.7,0
409,0.05,0.0,13.0,0.0,491.0,0.0,34.0,20.57142857142857,1.0,1.0,1.0,7.4,0
416,0.05,0.0,22.0,0.0,357.0,0.0,640.0,10.0,1.0,1.0,8.3,7.5,1
417,0.0975,0.0,0.0,0.0,423.0,0.0,100.0,10.0,1.0,1.0,1.2,7.5,0
420,0.05,0.0,0.0,0.0,690.0,0.0,20.0,10.0,1.0,1.0,1.0,7.2,0
421,0.177,0.0,49.0,13.3,386.0,0.0,128.0,30.0,2.0,1.5,1.05,7.54,0
426,0.05,0.0,0.0,14.5,610.0,0.0,393.5,49.75,1.0,1.0,0.2,7.7,0
429,0.058,0.0,23.0,5.0,878.0,0.0,40.0,27.5,2.5,2.5,0.14,8.3,0
430,0.12,0.0,3.0,7.1,981.0,0.0,209.0,30.0,2.0,1.0,0.84,8.3,0
432,0.0799999999999999,0.0,63.0,10.0,454.0,0.0,20.0,11.066666666666666,1.0,1.0,1.0,7.4,0
433,0.145,0.0,56.0,0.0,507.0,0.0,20.0,28.0,1.0,1.0,1.0,7.4,0
435,0.05,0.0,2.0,3.45,473.0,0.0,20.0,12.0,1.0,1.0,0.2,7.8,0
436,0.05,0.0,0.0,0.0,494.0,0.0,42.0,45.0,1.0,1.0,1.0,7.3,0
438,0.1699999999999999,0.0,0.0,0.0,596.0,0.0,20.0,15.0,1.0,1.0,1.0,7.4,0
441,0.05,9.0,8.5,0.0,401.0,0.0,808.0,10.0,1.0,1.0,8.8,8.0,1
442,0.05,0.0,218.0,0.0,722.0,0.0,20.0,13.0,1.0,1.0,1.0,7.37,0
444,0.05,0.0,26.0,0.0,647.0,0.0,20.0,10.0,1.0,1.0,1.0,7.1,0
445,1.1333333333333333,0.0,61.0,0.0,466.0,0.0,20.0,10.0,1.0,1.0,1.0,7.5,0
457,0.12,70.0,4.0,0.0,599.0,0.0,513.0,25.0,1.0,1.0,4.2,7.5,1
458,0.05,0.0,1.0,4.5,425.0,0.0,25.0,42.12989209476894,1.7113583138173305,1.6716507177033493,0.3,8.0,0
459,0.055,0.0,4.0,0.0,658.0,0.0,24.0,33.0,1.0,1.0,1.0,7.1,0
461,0.05,0.0,4.0,0.0,573.0,0.0,91.0,16.666666666666664,1.0,1.0,1.0,7.2,0
462,0.06,0.0,6.0,8.0,558.0,0.0,175.0,42.12989209476894,1.6666666666666663,1.6666666666666663,1.3,7.8,0
467,0.35,0.0,46.0,5.0,607.0,0.0,290.0,42.12989209476894,1.0,1.0,3.1,7.8,1
470,0.05,2.0,31.0,3.5,579.0,0.0,3500.0,42.12989209476894,1.5,1.5,44.0,8.0,1
471,0.05,0.0,1.0,2.5,609.0,0.0,29.0,36.0,1.7113583138173305,1.6716507177033493,0.2,7.6,0
474,0.05,0.0,0.0,17.2,564.0,0.0,20.0,20.0,1.7113583138173305,1.6716507177033493,0.2,7.6,0
475,0.05,0.0,1.0,4.043463302752294,538.0,0.0,20.0,20.0,1.7113583138173305,1.6716507177033493,0.2,7.7,0
482,0.05,0.0,0.0,0.0,476.0,0.0,20.0,10.0,1.0,1.0,1.0,7.9,0
484,0.11,0.0,94.5,2.3,470.0,0.0,36.0,20.0,1.0,1.0,0.2,7.5,0
487,0.05,0.0,38.41002277904328,4.043463302752294,473.0,0.0,20.0,42.12989209476894,1.7113583138173305,1.6716507177033493,0.2,7.6,0
490,0.06,0.0,7.0,3.05,565.0,0.0,20.0,22.0,1.0,1.0,0.3,7.8,0
491,0.24,0.0,6.333333333333333,12.3,440.0,0.0,81.2,30.0,2.0,2.0,0.5,7.46,0
494,0.05,0.0,0.0,0.0,481.0,0.0,20.0,10.0,1.0,1.2000000000000002,0.9,7.7,0
495,0.05,0.0,0.0,7.0,414.0,0.0,20.0,20.666666666666664,2.0,2.0,0.2,7.6,0
496,0.05,0.0,20.0,0.0,476.0,0.0,27.0,10.0,1.0,1.0,1.0,7.5,0
497,0.05,0.0,0.0,0.0,406.0,0.0,20.0,19.0,1.0,1.0,2.0,7.5,0
498,0.05,0.0,0.0,0.0,278.0,0.0,20.0,10.0,1.0,1.0,1.0,7.5,0
499,0.05,0.0,0.0,0.0,410.0,0.0,20.0,10.0,1.0,1.0,1.1,7.6,0
502,0.05,0.0,6.0,3.0,204.0,0.0,37.0,8.920000000000002,2.0,2.0,0.2,8.0,0
503,0.05,0.0,0.0,0.0,405.0,0.0,20.0,10.0,1.0,1.0,1.1,7.5,0
505,0.05,0.0,0.0,0.0,325.0,0.0,21.0,10.0,1.0,1.0,1.0,7.7,0
506,0.046,0.0,0.0,0.0,455.0,0.0,20.0,10.0,1.0,1.0,1.0,7.3,0
507,0.075,0.0,0.0,0.0,398.0,0.0,101.0,35.0,1.0,1.0,1.0,7.4,0
508,0.1342060296474355,0.0,0.0,0.0,441.0,0.0,20.0,10.0,1.0,1.0,1.0,7.5,0
509,0.1342060296474355,0.0,4.0,0.0,466.0,0.0,20.0,10.0,1.0,1.0,1.0,7.3,0
510,0.1342060296474355,0.0,0.0,0.0,455.0,0.0,20.0,25.0,1.0,1.0,1.0,7.8,0
511,0.1342060296474355,0.0,0.0,0.0,325.0,0.0,20.0,169.0,1.0,1.0,1.0,7.4,1
513,0.1342060296474355,0.0,0.0,0.0,299.0,0.0,20.0,10.0,1.0,1.0,1.0,7.3,0
514,0.1342060296474355,0.0,33.0,0.0,301.0,0.0,20.0,10.0,1.0,1.0,1.0,7.3,0
515,0.1342060296474355,0.0,0.0,0.0,330.0,0.0,20.0,10.0,1.0,1.0,1.0,7.2,0
516,0.1342060296474355,0.0,0.0,0.0,356.0,0.0,29.0,13.0,1.0,1.0,1.0,7.5,0
519,0.1342060296474355,0.0,0.0,0.0,276.0,0.0,20.0,10.0,1.0,1.0,1.0,7.3,0
521,0.1342060296474355,0.0,0.0,0.0,352.0,0.0,20.0,10.0,1.0,1.0,1.0,7.5,0
523,0.1342060296474355,0.0,88.0,0.0,371.0,0.0,20.0,13.0,1.0,1.0,1.0,7.3,0
524,0.05,0.0,7.0,1.5,257.0,0.0,37.0,8.333333333333332,1.3333333333333333,1.3333333333333333,0.2,8.1,0
525,0.14,0.0,1.0,3.5,528.0,0.0,57.0,11.5,1.5,1.0,0.2,7.6,0
527,0.1699999999999999,0.0,0.0,0.0,500.0,0.0,20.0,31.05,1.0,1.0,1.0,7.5,0
529,0.0799999999999999,0.0,0.0,0.0,416.0,0.0,90.0,42.12989209476894,1.0,1.0,1.0,7.6,0
533,0.05,0.0,4.0,0.0,549.0,0.0,65.0,10.0,1.0,1.0,1.0,7.0,0
537,0.05,0.0,19.0,0.0,454.0,0.0,20.0,10.0,1.0,1.0,1.0,7.5,0
542,0.245,0.0,0.0,5.15,872.0,0.0,10.0,12.0,2.0,2.0,0.3,7.5,0
545,0.05,0.0,16.0,0.0,390.0,0.0,20.0,10.0,1.0,1.0,1.0,7.5,0
546,0.135,0.0,3.0,11.2,552.0,0.0,879.0,19.4,1.0,1.0,1.19,7.56,1
547,0.11,0.0,300.0,0.0,633.0,0.0,112.0,155.0,1.0,1.0,1.0,7.3,1
548,0.03,0.0,254.5,2.5,451.0,0.0,45.0,10.75,11.333333333333332,11.333333333333332,0.3,7.4,0
562,0.03,0.0,24.0,0.0,113.0,0.0,38.0,5.25,1.0,1.0,0.3,6.6,0
563,0.078,0.0,12.0,0.0,580.0,0.0,22.0,21.0,1.0,1.0,1.0,7.4,0
565,0.155,0.0,22.0,0.0,357.0,0.0,20.0,10.0,1.0,1.0,1.0,7.6,0
566,0.05,0.0,4.0,0.0,400.0,0.0,20.0,10.0,1.0,1.0,1.0,7.3,0
567,0.03,0.0,43.0,4.7,397.0,0.0,10.0,23.33333333333333,2.0,2.0,0.5,7.7,0
574,0.125,0.0,94.0,0.0,451.0,0.0,20.0,18.0,1.0,1.0,1.0,7.5,0
579,0.05,0.0,0.0,0.0,496.0,0.0,20.0,10.0,1.0,1.0,1.0,7.4,0
582,0.05,0.0,14.0,5.0,252.0,0.0,20.0,18.666666666666664,1.0,1.0,0.2,7.9,0
584,0.25,0.0,0.0,3.5,1230.0,0.0,106.0,408.35,1.6666666666666663,1.8,1.0,8.1,0
587,0.09,0.0,3.0,5.5,421.0,0.0,141.0,26.0,1.6666666666666663,1.6666666666666663,0.7,7.9,0
590,0.15,0.0,2.0,4.043463302752294,428.0,0.0,166.0,42.12989209476894,1.7113583138173305,1.6716507177033493,0.5,7.6,0
592,0.06,0.0,9.0,4.043463302752294,424.0,0.0,61.0,42.12989209476894,1.7113583138173305,1.6716507177033493,0.2,7.7,0
593,0.05,0.0,0.0,0.0,399.0,0.0,243.0,27.0,1.0,1.0,2.4,7.4,1
594,0.265,0.0,0.0,0.0,497.0,0.0,20.0,109.40000000000002,1.0,1.0,1.0,7.2,0
595,0.135,0.0,0.0,0.0,530.0,0.0,20.0,30.0,1.0,1.0,1.0,7.2,0
601,0.05,0.0,31.0,4.4,400.0,0.0,20.0,15.0,1.0,1.0,0.3,7.6,0
602,0.05,0.0,7.0,10.0,610.0,0.0,80.0,42.12989209476894,3.0,3.0,0.2,7.7,0
605,0.1666666666666666,0.0,0.0,0.0,416.0,0.0,20.0,31.0,1.0,1.0,1.0,7.4,0
608,0.038,0.0,0.0,0.0,524.0,0.0,21.0,10.0,1.0,1.0,1.0,7.3,0
609,0.1699999999999999,0.0,51.0,0.0,573.0,0.0,20.0,30.0,1.0,1.0,1.0,7.3,0
610,0.1342060296474355,0.0,0.0,0.0,413.0,0.0,20.0,10.0,1.0,1.0,1.0,7.2,0
614,0.13,0.0,300.0,3.0,505.0,0.0,110.0,6.25,1.75,1.75,0.5,8.45,0
615,0.041,0.0,0.0,6.1,571.0,0.0,41.0,4.8,9.0,9.0,0.63,7.6,0
622,0.09,0.0,84.0,7.0,942.0,0.0,97.8,52.1,8.0,5.0,0.76,7.86,0
623,0.07,0.0,10.0,0.0,328.0,0.0,20.0,10.0,1.0,1.0,1.0,7.8,0
629,0.04,0.0,7.0,0.0,488.0,0.0,20.0,10.0,1.0,1.0,1.0,7.4,0
630,0.2,0.0,143.0,14.6,1180.0,0.0,264.0,30.0,5.0,1.5,1.62,8.13,1
633,0.061,0.0,25.0,20.7,978.0,0.0,186.0,30.0,1.0,1.0,1.6,8.22,0
635,0.08,0.0,4.0,8.1,567.0,0.0,16.0,30.0,2.0,2.0,0.73,8.2,0
644,0.135,0.0,26.0,0.0,429.0,0.0,111.0,42.0,1.0,1.0,1.3,7.4,0
646,0.05,0.0,64.0,3.0,705.0,0.0,65.0,16.0,1.3333333333333333,1.3333333333333333,0.5,7.82,0
652,0.195,0.0,3.0,5.9,962.0,0.0,20.0,10.0,1.0,1.0,2.5,7.44,0
654,0.05,0.0,189.0,0.0,479.0,0.0,159.0,50.0,1.0,1.0,1.7,7.9,0
658,0.12,0.0,19.0,3.0,628.0,0.0,110.0,10.5,5.0,5.0,0.5,7.47,0
670,0.11,0.0,3.0,7.7,885.0,0.0,531.0,81.3,1.0,1.0,2.35,8.18,1
675,0.5750000000000001,0.0,3.0,3.6,577.0,0.0,126.0,523.0,1.0,1.0,0.5,7.94,0
676,0.11,0.0,9.0,4.0,691.0,0.0,71.0,30.0,1.0,1.0,2.3,8.02,0
677,0.15,0.0,4.0,6.1,645.0,0.0,113.5,13.999999999999998,1.0,1.0,2.2,7.71,0
679,0.055,0.0,0.0,6.1,820.0,0.0,60.0,11.333333333333332,1.0,1.0,0.65,8.21,0
682,0.05,0.0,3.0,3.0,630.0,0.0,0.052,10.0,1.5,1.5,0.5,7.23,0
685,0.19,0.0,55.0,17.0,676.0,0.0,2500.0,14.0,4.0,4.0,6.7,7.2,1
686,0.05,0.0,3.0,3.0,526.0,0.0,46.0,4.65,1.0,1.0,0.5,7.69,0
687,0.08,0.0,5.0,6.1,1752.0,0.0,48.8,30.0,1.0,1.0,0.5,8.19,1
689,0.05,0.0,8.0,2.65,504.0,0.0,48.0,7.0,1.5,1.5,0.5,7.55,0
693,0.05,0.0,0.0,12.9,891.0,0.0,23.0,4.0,2.0,2.0,1.43,7.66,0
698,0.245,0.0,0.0,9.1,654.0,0.0,69.4,35.05,1.0,1.0,0.5,7.15,0
702,0.08,0.0,21.33333333333333,5.9,979.0,0.0,114.26529824561403,42.12989209476894,1.0,1.0,0.5,7.8,0
703,0.13,0.0,26.0,6.0,626.0,0.0,120.0,29.0,2.0,2.0,1.0,7.3,0
704,0.05,0.0,3.0,5.0,596.0,0.0,26.0,3.0,2.0,2.0,1.0,7.3,0
705,0.08,0.0,9.0,3.0,377.0,0.0,24.0,8.9,2.0,2.0,0.5,7.82,0
706,0.0415,0.0,8.0,3.0,429.0,0.0,100.0,23.428571428571427,1.0,1.0,0.5,7.51,0
709,0.06,0.0,36.0,3.0,446.0,0.0,42.0,9.65,1.0,1.0,0.5,7.8,0
710,0.14,0.0,1.0,5.0,507.0,0.0,53.0,10.7,1.7113583138173305,1.6716507177033493,0.5,7.46,0
711,0.05,0.0,44.0,5.0,552.0,0.0,55.0,1.7,1.7113583138173305,1.6716507177033493,0.5,7.57,0
713,0.0824999999999999,0.0,19.0,3.0,189.0,0.0,220.0,10.5,1.7113583138173305,1.6716507177033493,0.5,7.71,0
715,0.05,0.0,2.0,3.0,651.0,0.0,50.0,11.7,1.7113583138173305,1.6716507177033493,0.5,7.15,1
722,0.19,0.0,300.0,9.0,683.0,0.0,90.0,26.0,1.7113583138173305,1.6716507177033493,0.5,8.03,0
723,0.09,0.0,300.0,3.0,716.0,0.0,80.0,29.0,1.0,1.6716507177033493,0.5,7.66,0
725,0.05,0.0,18.0,3.0,603.0,0.0,50.0,42.12989209476894,1.7113583138173305,1.6716507177033493,0.5,7.36,0
726,0.5,0.0,27.0,3.0,635.0,0.0,170.0,20.0,1.3333333333333333,1.6716507177033493,0.5,7.73,0
731,3.3,22.0,300.0,15.0,697.0,0.0,170.0,2.0,4.0,4.0,1.0,7.9,1
732,0.18,0.0,0.0,4.0,518.0,0.0,470.0,79.60000000000001,2.0,2.0,1.0,7.4,1
735,0.055,0.0,0.0,3.2,708.0,0.0,170.0,6.25,6.0,6.0,0.66,7.7,0
736,0.14,0.0,26.0,11.0,822.0,0.0,68.0,28.33333333333333,2.0,2.0,0.5,7.26,0
738,0.05,0.0,83.0,7.0,543.0,0.0,120.0,10.0,2.0,1.75,1.0,7.2,1
744,0.05,0.0,21.0,8.0,715.0,0.0,350.0,16.0,1.5,1.6716507177033493,0.5,6.91,1
747,0.08,0.0,300.0,13.1,966.0,0.0,57.5,30.0,2.0,2.0,1.43,8.26,0
751,0.08,0.0,68.0,19.9,877.0,0.0,20.0,16.666666666666664,1.0,1.0,2.46,7.86,0
752,0.1,0.0,87.0,10.2,1018.0,0.0,198.4,30.0,1.0,1.0,1.73,8.13,0
755,0.03,0.0,39.5,0.0,517.0,0.0,32.0,36.0,1.0,1.3333333333333333,0.3,7.1,0
757,0.03,0.0,21.0,3.9,443.0,0.0,40.0,29.5,1.5,1.5,0.3,7.5,0
760,0.08,0.0,42.0,8.0,922.0,0.0,55.0,22.0,3.0,3.0,0.77,8.08,0
767,0.04,0.0,9.5,1.0,777.0,0.0,43.0,42.12989209476894,2.5,2.5,0.3,7.2,0
769,0.05,4.0,35.0,0.0,467.0,0.0,20.0,10.0,1.0,1.5,1.0,6.9,1
772,0.1134999999999999,0.0,13.0,0.0,279.0,0.0,20.0,10.0,1.0,1.0,1.0,7.8,0
773,0.05,0.0,0.0,3.0,943.0,0.0,20.0,5.0,1.0,1.0,1.0,7.5,0
774,0.0855,0.0,6.0,0.0,316.0,0.0,20.0,10.0,1.0,1.0,1.0,7.5,0
779,0.05,0.0,0.0,0.0,328.0,0.0,20.0,18.0,1.0,1.0,1.0,7.7,0
781,0.05,0.0,300.0,8.0,407.0,0.0,136.0,8.0,2.0,1.0,1.4,8.24,1
783,0.165,0.0,111.0,0.0,562.0,0.0,20.0,10.0,1.0,1.0,1.0,7.5,0
803,0.235,0.0,10.0,5.0,500.0,0.0,20.0,30.65,1.0,1.0,1.0,7.5,0
805,0.29,0.0,3.0,7.0,597.0,0.0,1353.0,61.6,2.0,2.0,5.2,7.7,1
807,0.165,0.0,0.0,5.0,688.0,0.0,136.0,0.5,3.0,3.0,0.6,7.23,0
819,0.23,0.0,227.0,9.0,634.0,0.0,155.0,17.2,4.0,4.0,1.1,7.7,0
823,0.13,0.4775,17.0,3.0,854.0,0.0,95.0,53.7,4.0,4.0,1.1,7.8,1
824,0.074375,0.4775,10.0,2.0,589.0,0.0,20.0,10.0,1.0,1.0,1.0,7.7,1
825,0.5,0.4775,16.0,4.0,1161.0,0.0,90.0,76.0,2.0,2.0,1.0,7.9,1
826,0.68,0.4775,19.0,2.0,674.0,0.0,25.0,181.0,2.0,2.0,1.0,7.6,1
827,0.115,0.4775,142.0,7.0,465.0,0.0,144.0,32.0,2.0,2.0,1.0,8.2,1
828,0.22,0.4775,19.0,3.0,623.0,0.0,50.0,106.0,1.0,1.0,1.0,7.9,1
829,0.25,0.4775,0.0,2.0,662.0,0.0,23.0,5.0,1.0,1.0,1.0,7.8,0
830,0.2,0.4775,3.0,3.0,622.0,0.0,90.0,40.0,2.0,2.0,1.0,7.7,0
831,0.06325,0.4775,0.0,2.0,814.0,0.0,20.0,5.0,1.0,1.0,1.0,7.5,0
832,0.26,0.4775,40.0,9.0,1044.0,0.0,363.0,50.0,4.0,4.0,1.0,8.0,1
836,1.1,0.4775,300.0,5.0,856.0,0.0,195.0,1041.0,8.0,8.0,1.9,8.1,1
838,0.1033333333333333,0.0,82.0,3.0,449.0,0.0,44.0,14.7,1.0,1.0,0.5,7.37,0
839,0.05,0.0,5.0,5.0,507.0,0.0,44.0,20.0,4.0,4.0,2.3,8.0,1
840,0.05,0.0,10.666666666666666,2.0,747.0,0.0,20.0,5.0,1.0,1.0,1.0,7.9,0
841,0.05,0.0,17.0,6.0,693.0,0.0,138.0,9.0,2.0,2.0,1.0,8.2,1
845,0.05,0.0,9.0,5.0,350.0,0.0,29.0,50.0,4.0,4.0,1.0,8.1,1
850,0.05,3.0,0.0,3.0,459.0,0.0,50.0,5.0,2.0,2.0,1.0,7.8,0
866,0.118875,0.0,0.0,4.0,665.0,0.0,23.0,42.775000000000006,1.0,1.0,1.0,7.4,0
871,0.09,0.0,69.0,6.8,1003.0,0.0,131.0,2.0,4.0,4.0,1.0,8.22,0
874,0.28,0.0,10.0,5.0,930.0,0.0,430.0,67.4,2.0,2.0,1.0,7.9,1
875,0.2,0.0,120.0,7.0,526.0,0.0,75.0,9.1,2.0,2.0,1.0,7.8,1
877,0.05,0.0,8.0,2.0,530.0,0.0,10.0,2.0,2.0,2.0,1.0,7.6,0
880,0.28,0.4775,0.0,2.0,491.0,0.0,18.0,30.3,2.0,2.0,1.0,7.8,0
881,0.19,0.4775,3.0,3.0,586.0,0.0,14.0,2.0,2.0,2.0,1.0,7.5,0
882,0.05,0.4775,202.0,5.0,694.0,0.0,35.0,5.0,5.666666666666666,5.666666666666666,1.2,8.149999999999999,0
885,0.11,44.0,50.0,0.0,655.0,0.0,53.0,20.0,1.0,1.0,1.2,7.7,1
892,0.05,0.0,152.0,0.0,487.0,0.0,29.0,20.0,1.0,1.0,0.2,7.6,0
901,0.275,0.0,0.0,2.0,606.0,0.0,22.3,5.0,1.0,1.0,1.0,7.7,0
921,0.0699999999999999,0.0,21.0,6.25,669.0,0.0,130.0,3.5,1.0,1.0,0.18,8.2,0
923,0.14,0.0,92.5,2.0,495.0,0.0,20.0,5.0,2.0,2.0,1.0,8.1,0
926,0.05,0.0,180.5,2.0,503.0,0.0,28.3,2.0,2.0,2.0,1.0,8.1,0
927,0.05,0.0,13.0,2.0,385.0,0.0,20.0,5.0,2.0,2.0,1.0,8.0,0
934,0.05,0.0,0.0,0.0,369.0,0.0,86.0,0.5,1.0,1.0,1.0,7.97,0
936,0.13,0.0,9.0,8.2,743.0,0.0,24.5,19.5,2.0,2.0,0.5,7.92,0
938,0.1699999999999999,0.0,5.0,8.8,505.0,0.0,31.65,8.5,1.0,1.0,1.05,7.91,0
939,0.27,0.0,36.0,4.7,591.0,0.0,40.0,8.8,1.0,1.0,0.88,8.1,1
940,0.21,0.0,0.0,4.0,379.0,0.0,200.0,136.8,4.0,4.0,1.0,8.0,1
949,0.05,0.0,72.0,0.0,429.5,0.0,43.0,5.0,1.0,1.0,1.0,7.2,0
962,0.29,0.0,21.0,10.6,748.0,0.0,43.3,2.0,1.0,1.0,0.775,7.86,1
965,0.08,0.0,0.0,6.0,468.0,0.0,27.0,8.75,1.0,1.0,0.5,7.82,0
970,0.17,0.0,81.5,5.0,710.0,0.0,20.0,42.0,2.5,2.5,0.5,8.0,0
971,0.08,0.0,0.0,6.8,601.0,0.0,45.7,30.0,1.0,1.0,0.97,7.85,0
979,0.1333333333333333,0.0,4.0,2.0,503.0,0.0,61.0,25.75,1.0,1.0,1.0,7.5,0
981,0.05,0.0,0.0,3.0,626.0,0.0,97.0,8.96,2.0,2.0,1.0,7.4,0
987,0.16,0.0,6.0,3.0,489.0,0.0,59.0,58.0,2.0,2.0,1.0,7.5,0
989,0.1342060296474355,0.4775,15.0,4.0,693.0,0.0,29.0,29.0,2.0,2.0,1.0,7.8,0
990,0.1342060296474355,0.4775,8.0,2.0,498.0,0.0,125.0,5.0,2.0,2.0,1.0,7.9,0
991,0.05,0.4775,6.0,3.0,424.0,0.0,73.0,5.0,8.0,8.0,1.0,7.4,0
992,0.2066666666666666,0.0,0.0,0.0,515.0,0.0,82.0,7.5,1.0,1.0,1.0,7.6,0
994,0.08,0.0,3.0,7.0,717.0,0.0,10.0,3.2,2.0,2.0,1.0,7.5,0
1000,0.08,0.0,17.333333333333332,7.4,557.0,0.0,327.5,36.0,1.0,1.0,0.73,7.39,0
1003,0.05,0.0,0.0,0.0,463.0,0.0,71.0,21.71428571428571,1.0,1.0,1.0,7.82,0
1008,0.052125,0.0,14.0,2.0,565.0,0.0,76.0,15.0,2.0,2.0,1.0,8.0,1
1009,0.15,0.0,5.0,4.1,650.0,0.0,280.0,80.0,2.0,2.0,3.2,8.0,1
1017,0.135,0.0,44.0,8.0,761.0,0.0,395.0,10.25,2.0,2.0,3.7,7.5,1
1027,0.14,0.4775,1.5,8.2,1197.0,0.0,46.0,13.0,2.0,2.0,1.0,8.0,0
1028,0.35,0.4775,19.0,2.1,287.0,0.0,25.0,11.0,2.0,2.0,1.0,8.0,0
1031,0.23,0.4775,18.0,11.3,149.0,0.0,131.0,17.0,2.0,2.0,2.2,8.2,0
1044,0.05,0.0,173.0,2.0,807.0,0.0,37.0,28.0,2.0,2.0,2.4,8.0,1
1051,0.074,0.0,4.0,0.0,398.0,0.0,50.0,20.33333333333333,1.0,1.0,1.0,7.5,0
1052,0.05,0.0,10.0,3.0,607.0,0.0,46.0,5.0,1.0,1.0,1.0,7.9,0
1065,0.1833333333333333,0.0,7.0,3.0,540.0,0.0,21.5,7.5,1.0,1.0,0.5,7.54,0
1067,0.1966666666666666,0.0,4.0,0.0,588.0,0.0,572.0,30.0,1.0,1.0,18.0,7.45,0
1073,0.062,0.0,0.0,5.1,475.0,0.0,35.0,20.666666666666664,1.0,1.0,2.5,7.63,0
1074,0.05,0.0,0.0,0.0,379.0,0.0,56.0,0.5,1.0,1.0,0.65,7.96,0
1077,0.05,0.0,0.0,1.5,413.0,0.0,52.0,0.5,1.0,1.0,0.75,7.8,0
1081,0.27,0.0,66.0,6.0,596.0,0.0,1280.0,21.3,4.0,1.6716507177033493,11.0,7.6,1
1082,0.05,0.0,300.0,5.0,547.0,0.0,48.0,5.8,2.0,2.0,1.0,7.8,1
1083,0.035,0.0,6.0,4.0,596.0,0.0,20.0,5.0,1.0,1.0,1.0,7.7,0
1091,0.08,0.4775,490.0,2.0,610.0,0.0,17.0,11.0,16.0,16.0,2.0,8.1,0
1092,0.0839999999999999,0.4775,168.0,5.0,551.0,0.0,59.9,36.55,4.0,4.0,1.0,8.1,0
1096,0.16,0.4775,0.0,2.0,594.0,0.0,3.7,8.8,4.0,4.0,1.0,8.0,0
1099,0.12,0.4775,26.0,12.0,623.0,0.0,196.0,4.0,2.0,2.0,1.0,7.9,1
1100,1.2,0.4775,300.0,13.0,806.0,0.0,40.0,5.0,2.0,2.0,1.0,7.9,1
1101,0.05,0.4775,7.0,3.3,155.0,0.0,56.0,5.0,2.0,2.0,1.0,8.1,0
1103,0.05,0.4775,3.0,2.0,578.0,0.0,40.0,9.0,1.0,1.0,1.0,7.9,0
1105,0.22,0.4775,4.0,2.0,428.0,0.0,23.0,550.0,4.0,1.0,1.3,8.1,1
1107,0.066,0.4775,14.0,7.0,652.0,0.0,386.0,36.0,2.0,2.0,2.8,8.0,1
1109,0.18,0.4775,0.0,15.0,259.0,0.0,340.0,29.25,2.0,2.0,1.4,8.1,1
1110,0.24,0.4775,3.0,4.0,795.0,0.0,86.0,18.0,2.0,1.0,1.4,8.1,0
1117,0.05,0.4775,0.0,4.0,810.0,0.0,28.0,5.0,4.0,4.0,1.0,7.1,0
1132,0.05,0.0,4.0,5.3,391.0,0.0,58.0,35.3,2.5,1.0,0.985,7.92,0
1135,0.08,0.0,67.0,15.0,559.0,0.0,477.0,30.0,1.0,1.0,2.65,7.41,1
1137,0.08,0.0,24.0,6.4,576.0,0.0,33.33333333333333,9.2,1.0,1.0,0.5,7.39,0
1138,0.08,0.0,32.666666666666664,6.9,502.0,0.0,20.0,14.0,1.0,1.0,1.0,7.62,0
1141,0.1,0.0,42.0,6.9,452.0,0.0,37.5,20.5,1.0,1.0,1.75,8.02,0
1154,0.05,0.0,10.0,3.0,324.0,0.0,114.26529824561403,42.12989209476894,1.0,1.0,0.5,7.94,0
1155,0.0766666666666666,0.0,12.0,3.0,673.0,0.0,23.0,42.12989209476894,1.5,1.5,0.5,8.04,0
1160,0.25,0.0,12.5,12.4,376.0,0.0,183.0,42.12989209476894,1.0,1.0,0.5,7.85,0
1165,0.034,0.0,83.0,4.0,525.0,0.0,15.5,42.12989209476894,2.0,2.0,1.0,7.4,0
1171,0.05,0.0,14.0,15.0,473.0,0.0,25.0,5.0,2.0,2.0,1.0,7.7,0
1183,0.09,0.0,200.0,3.1,739.0,0.0,95.0,222.0,4.0,4.0,1.0,7.9,1
1184,0.08,0.4775,4.0,2.0,323.0,0.0,64.0,15.0,2.0,2.0,1.0,7.9,0
1185,0.05,0.4775,11.0,2.0,575.0,0.0,46.0,8.98,2.0,2.0,1.0,8.0,0
1190,0.1342060296474355,0.4775,19.0,2.8,608.0,0.0,47.0,42.12989209476894,2.0,2.0,1.0,7.9,0
1192,0.1342060296474355,0.4775,38.0,4.0,600.0,0.0,160.0,42.12989209476894,4.0,4.0,1.1,7.6,0
1193,0.1342060296474355,0.4775,23.0,5.0,616.0,0.0,40.0,42.12989209476894,1.0,1.0,1.0,7.6,0
1194,0.1342060296474355,0.4775,41.0,5.0,664.0,0.0,20.0,42.12989209476894,2.0,2.0,1.0,7.7,0
1195,0.05,0.4775,4.0,4.0,595.0,0.0,20.9,24.9,2.0,2.0,1.0,7.7,0
1209,0.05,0.0,14.0,3.0,310.0,0.0,11.0,6.666666666666666,1.6666666666666663,1.6666666666666663,0.5,7.89,0
1213,0.05,0.0,300.0,15.0,590.0,0.0,100.0,2.0,4.0,4.0,1.0,7.9,0
1215,0.05,6.0,0.0,2.0,756.0,0.0,40.0,11.0,2.0,2.0,1.0,7.8,0
1216,0.12,0.0,11.0,2.0,573.0,0.0,20.0,10.0,2.0,2.0,1.0,8.2,0
1223,2.2166666666666663,0.0,0.0,0.0,567.0,0.0,20.0,6.0,1.0,1.0,1.0,7.4,0
1224,0.1342060296474355,0.0,6.0,0.0,591.0,0.0,75.1,23.33333333333333,1.0,1.0,1.0,7.4,0
1228,0.05,0.0,2.0,4.0,920.0,0.0,10.0,42.12989209476894,1.25,1.25,0.5,7.58,0
1235,0.05,0.0,3.0,3.0,546.0,0.0,33.0,42.12989209476894,2.0,2.0,0.5,7.95,0
1240,0.13,0.0,300.0,14.0,228.0,0.0,120.0,5.0,8.0,8.0,1.0,7.6,0
1249,0.05,0.0,300.0,4.0,962.0,0.0,42.0,796.7,2.0,2.0,1.0,7.7,1
1273,0.08,0.0,24.0,4.5,491.0,0.0,35.0,20.0,2.0,2.0,0.2,7.8,0
1277,0.05,0.0,12.666666666666666,2.0,594.0,0.0,20.0,5.0,2.0,2.0,1.0,7.9,0
1286,0.23,0.0,0.0,4.2,638.0,0.0,150.0,36.0,2.0,2.0,0.5,7.7,0
1291,0.08,0.0,0.0,8.0,548.0,0.0,19.0,20.866666666666667,1.0,1.0,0.5,8.01,0
1292,0.05,0.0,11.0,3.0,508.0,0.0,210.0,640.0,2.0,2.0,1.0,7.6,0
1293,0.06,0.0,0.0,2.0,454.0,0.0,34.0,7.5,4.0,4.0,1.0,7.9,0
1297,0.086,0.0,1.0,5.0,580.0,0.0,20.0,20.0,1.0,1.0,0.5,7.8,0
1303,0.05,0.4775,4.0,8.0,485.0,0.0,150.0,14.6,2.0,2.0,17.0,8.0,0
1307,0.14,0.0,60.0,0.0,720.0,0.0,197.0,36.0,1.0,1.0,3.4,8.0,0
1313,0.05,0.0,4.0,2.0,744.0,0.0,59.0,2.0,1.0,2.0,1.0,7.33,0
1315,0.095,0.0,92.0,10.0,855.0,0.0,20.0,27.33333333333333,1.0,1.0,1.0,7.1,0
1316,0.05,0.0,3.0,2.9,692.0,0.0,106.0,2.0,1.0,1.0,1.0,8.47,1
1318,0.10775,0.0,6.0,7.0,464.0,0.0,54.0,31.85,1.0,1.0,0.5,7.24,0
1319,0.11,0.0,115.0,5.0,451.0,0.0,100.0,10.0,2.0,2.0,1.0,8.2,0
1321,0.35,0.0,300.0,12.5,640.0,0.0,260.0,54.0,4.0,4.0,1.0,8.1,1
1322,0.1466666666666666,0.0,43.0,3.0,916.0,0.0,21.0,29.5,1.5,1.5,0.5,7.49,0
1323,0.05,0.0,3.0,3.0,1013.0,0.0,31.0,10.0,1.0,1.0,0.5,7.28,0
1327,0.1342060296474355,0.0,1.0,7.0,709.0,0.0,200.0,42.12989209476894,2.5,2.5,0.5,7.43,0
1349,0.08,0.0,3.0,14.0,757.0,0.0,151.0,2.6,2.0,2.0,9.5,7.6,0
1352,0.24,0.0,7.0,2.0,446.0,0.0,165.0,19.0,4.0,4.0,1.0,7.9,0
1353,0.09,0.0,53.0,5.0,950.0,0.0,180.0,20.0,4.0,4.0,1.74,7.8,0
1360,0.27,0.0,0.0,0.0,321.0,0.0,843.0,31.0,1.0,1.0,3.6,7.3,1
1364,0.05,0.0,0.0,0.0,610.0,0.0,52.5,21.142857142857142,1.0,1.0,1.0,7.3,0
1368,0.05,0.0,4.0,0.0,510.0,0.0,20.0,10.0,1.0,1.0,1.0,7.3,0
1369,0.07,0.0,75.0,0.0,488.0,0.0,284.0,39.0,1.0,1.6666666666666663,1.0,7.5,1
1375,0.29,0.0,20.0,6.0,627.0,0.0,20.0,5.0,2.0,2.0,1.0,7.9,0
1377,0.1,0.0,137.0,2.0,666.0,0.0,23.0,5.0,1.0,1.0,1.0,7.9,0
1378,0.24,0.0,300.0,0.0,462.0,0.0,43.0,16.0,1.0,1.0,1.0,7.5,0
1385,0.05,0.0,0.0,4.0,456.0,0.0,57.0,5.0,2.0,2.0,1.0,8.1,0
1395,0.1099999999999999,0.0,0.0,0.0,413.0,0.0,20.0,10.0,1.0,1.0,1.0,7.3,0
1402,0.16,0.0,30.0,2.0,524.0,0.0,20.0,6.0,1.0,1.0,1.0,8.1,1
1409,0.05,0.0,158.0,5.0,473.0,0.0,160.0,23.866666666666664,2.0,2.0,1.3,7.9,0
1411,0.06,0.0,5.0,4.0,712.0,0.0,18.0,2.75,2.5,2.5,0.5,7.4,0
1413,0.18,0.0,8.0,3.0,623.0,0.0,130.0,37.0,2.0,2.0,0.5,7.51,0
1417,0.1342060296474355,0.0,37.0,3.0,365.0,0.0,50.0,13.0,2.0,2.0,1.0,8.1,0
1418,0.1342060296474355,0.0,49.0,2.0,428.0,0.0,55.0,49.0,2.0,2.0,1.0,8.1,0
1420,0.1342060296474355,0.0,15.0,4.0,213.0,0.0,53.0,5.0,2.0,2.0,1.0,8.0,0
1441,0.1342060296474355,0.0,24.0,3.0,630.0,0.0,30.0,20.925,1.0,1.0,0.5,7.73,0
1450,0.08,0.0,0.0,6.0,692.0,0.0,180.0,2.0,2.0,1.5,1.0,7.9,1
1465,0.2,0.0,48.0,11.8,883.0,0.0,767.0,79.5,1.0,1.0,2.79,8.02,1
1474,0.05,0.0,300.0,2.0,363.5,0.0,20.0,2.0,2.0,1.0,1.0,7.9,1
1475,0.18,0.0,8.0,0.0,643.0,0.0,866.0,430.0,1.0,1.0,14.0,7.3,1
1477,0.07,0.0,2.0,57.5,457.0,0.0,112.0,683.5,1.0,1.25,0.5,7.7,0
1483,0.05,0.0,0.0,1.0,355.0,0.0,20.0,16.5,1.5,1.0,0.5,8.1,0
1485,0.098,0.0,7.0,0.0,510.0,0.0,20.0,10.0,1.0,1.0,1.0,7.2,0
1490,0.05,22.0,25.0,19.0,1693.0,0.0,36.5,22.5,2.0,2.0,1.0,7.1,1
1507,0.05,0.0,0.0,0.0,534.0,0.0,20.0,12.3,1.0,1.0,1.0,7.3,0
1524,0.0633333333333333,0.0,0.0,0.0,313.0,0.0,20.0,90.0,1.0,1.0,1.0,7.3,1
1526,0.06,0.0,6.0,1.0,566.0,0.0,228.0,9.5,1.3333333333333333,1.3333333333333333,0.7,7.88,1
1555,0.05,0.0,0.0,0.0,483.0,0.0,20.0,42.12989209476894,1.0,1.0,1.0,7.1,0
1585,0.05,0.0,0.0,0.0,603.0,0.0,20.0,11.0,1.0,1.0,1.0,7.2,0
1593,0.52,0.0,300.0,10.0,703.0,0.0,300.0,1270.0,2.0,1.5,1.0,7.3,1
1595,0.285,0.0,49.0,14.0,799.0,0.0,10.0,38.0,2.5,1.0,0.5,7.29,0
1602,0.0933333333333333,0.0,80.0,2.0,589.0,0.0,14.0,15.25,1.0,1.0,0.5,7.9,0
1612,0.12,0.0,42.0,0.0,322.0,0.0,20.0,262.0,4.0,1.6716507177033493,1.0,7.5,1
1659,0.2,0.0,28.0,11.0,677.0,0.0,250.0,10.0,2.5,1.6716507177033493,2.1,8.3,1
1664,0.05,0.0,0.0,10.35,470.0,0.0,523.0,14.0,1.0,1.6716507177033493,1.0,7.7,1
1669,0.05,0.0,0.0,0.0,497.0,0.0,20.0,10.0,1.0,1.6716507177033493,1.0,7.1,0
1672,0.05,0.0,0.0,0.0,587.0,0.0,26.5,30.5,1.0,1.0,1.0,7.6,0
1690,0.08,0.0,156.0,0.0,366.0,0.0,87.0,118.0,1.0,1.0,1.0,7.9,0
1693,0.05,0.0,49.0,25.0,439.0,0.0,76.0,34.0,4.0,4.0,1.0,8.0,0
1695,0.14,0.0,0.0,0.0,407.0,0.0,81.0,28.0,2.0,1.0,1.0,7.5,0
1713,0.5,0.0,0.0,2.5,535.0,0.0,116.0,13.0,1.75,1.75,0.75,8.06,0
1714,0.5,0.0,0.0,3.0,503.0,0.0,199.0,15.0,1.5,1.5,1.0,7.56,0
1724,0.97,0.0,300.0,16.0,481.0,0.0,200.0,15.333333333333332,1.0,1.6716507177033493,0.5,8.01,1
1727,0.29,0.0,12.333333333333332,5.7,519.0,0.0,22.0,42.12989209476894,2.0,2.0,29.0,7.43,0
1736,0.08,0.0,3.0,8.6,669.0,0.0,49.8,30.0,3.0,1.5,0.5,7.33,0
1767,0.08,0.0,20.5,8.5,788.0,0.0,75.0,4.25,1.0,1.0,0.5,7.5,0
1769,0.08,3.0,124.0,15.0,273.0,0.0,364.0,36.0,1.0,1.0,0.89,7.8,1
1770,0.17,0.0,8.666666666666666,12.4,180.4,0.0,544.0,30.0,1.0,1.0,1.2,7.78,1
1774,0.52,0.0,4.0,4.0,736.0,0.0,200.0,50.0,4.0,1.0,1.0,8.1,1
1775,0.05,0.0,48.5,0.0,395.0,0.0,20.0,18.0,1.0,1.0,1.0,7.7,0
1784,0.08,0.0,2.0,6.6,615.0,0.0,39.0,23.15,1.0,1.0,0.97,7.56,0
1792,0.08,0.0,0.0,8.8,791.0,0.0,24.5,40.0,1.0,1.0,0.95,7.12,0
1794,0.34,0.0,42.0,115.0,268.0,0.0,2337.0,1354.0,1.0,1.5,1.95,7.16,1
1808,0.08,0.0,63.33333333333333,3.0,586.0,0.0,20.0,16.0,1.0,1.0,0.68,7.31,0
1820,0.34,0.0,3.5,13.9,349.0,0.0,20.0,10.0,1.0,1.0,0.5,7.84,0
1821,0.05,0.0,36.0,0.0,682.0,0.0,33.0,30.75,1.0,1.0,1.0,7.3,0
1906,0.39,0.0,29.0,9.0,923.0,0.0,290.0,9.3,1.0,1.0,0.5,7.7,1
1912,0.28,0.0,138.0,5.0,970.0,0.0,120.0,12.0,4.0,4.0,1.0,7.6,0
1919,0.21,0.0,60.0,10.0,410.0,0.0,60.35,19.55,5.0,5.0,0.62,7.77,0
1933,0.033,0.0,16.0,4.0,572.0,0.0,59.0,24.0,1.0,1.0,0.75,7.7,0
1938,0.0775,0.0,0.0,0.0,268.0,0.0,136.0,8.0,1.0,1.0,1.0,7.5,0
1939,0.1133333333333333,0.0,0.0,0.0,347.0,0.0,608.0,29.75,1.0,1.0,6.4,7.5,1
2078,0.12,0.0,7.0,3.0,456.0,0.0,92.0,17.0,8.0,8.0,1.0,8.0,1
2108,0.05,0.0,6.0,0.0,441.0,0.0,20.0,10.0,1.0,1.0,1.0,7.6,0
2200,0.05,0.0,0.0,0.0,736.0,0.0,20.0,10.0,1.0,1.0,1.0,7.4,0
2208,0.05,0.0,194.0,2.0,538.0,0.0,71.0,57.4,2.0,2.0,2.4,7.9,1
2209,0.0766666666666666,0.0,300.0,4.0,821.0,0.0,100.0,20.0,1.3333333333333333,1.3333333333333333,0.5,6.99,0
2301,0.05,0.0,32.0,4.0,650.0,0.0,99.0,5.0,2.0,2.0,1.0,8.0,0
2302,0.13,0.0,34.0,6.0,423.0,0.0,150.0,19.4,1.0,1.0,1.0,8.0,1
2311,0.095,0.0,3.0,3.0,725.0,0.0,20.0,5.0,2.0,2.0,1.0,7.4,0
