,station_id,Ammonium_2019,Ammonium_2020,Coli-like-bacteria_2019,Coli-like-bacteria_2020,Colony-count-at-22-C_2019,Colony-count-at-22-C_2020,Color-Pt/Co-scale_2019,Color-Pt/Co-scale_2020,Electrical-conductivity_2019,Electrical-conductivity_2020,Escherichia-coli_2019,Escherichia-coli_2020,Iron_2019,Iron_2020,Manganese_2019,Manganese_2020,Odour-dilution-level_2019,Odour-dilution-level_2020,Taste-dilution-degree_2019,Taste-dilution-degree_2020,Turbidity-NTU_2019,Turbidity-NTU_2020,pH _2019,pH _2020,compliance_2019,compliance_2020,compliance_2021
2,205,0.05,0.24,0.0,0.0,0.0,0.0,0.0,0.0,448.0,359.0,0.0,0.0,20.0,21.0,10.0,10.0,1.0,1.0,1.0,1.0,1.0,1.0,7.8,7.7,0,0,0
3,1228,0.09,0.05,0.0,0.0,15.0,2.0,4.0,4.0,978.0,920.0,0.0,0.0,21.0,10.0,8.75,8.75,1.0,1.25,1.0,1.25,0.5,0.5,7.44,7.58,0,0,0
4,470,0.06,0.05,0.0,2.0,1.0,31.0,3.5,3.5,446.0,579.0,0.0,0.0,84.0,3500.0,7.5,7.5,1.0,1.5,1.0,1.5,0.2,44.0,7.7,8.0,0,1,0
5,614,0.12,0.13,0.0,0.0,97.0,300.0,3.0,3.0,500.0,505.0,0.0,0.0,100.0,110.0,6.25,6.25,1.0,1.75,1.0,1.75,0.5,0.5,8.64,8.45,0,0,1
6,1420,0.175,0.16333333333333333,0.0,0.0,53.0,15.0,4.0,4.0,240.0,213.0,0.0,0.0,49.0,53.0,5.0,5.0,1.0,2.0,1.0,2.0,1.0,1.0,7.5,8.0,0,0,0
7,188,0.23,0.19666666666666666,0.0,0.0,17.0,74.0,5.0,4.1,889.0,987.0,0.0,0.0,250.0,280.0,5.0,20.5,1.2000000000000002,2.0,1.2000000000000002,2.0,0.5,0.5,7.45,7.4,1,1,0
8,1286,0.2,0.23,0.0,0.0,25.0,0.0,6.0,4.2,640.0,638.0,0.0,0.0,240.0,150.0,5.0,36.0,1.4000000000000001,2.0,1.4000000000000001,2.0,0.72,0.5,7.5,7.7,1,0,1
9,736,0.05,0.14,0.0,0.0,33.0,26.0,9.0,11.0,835.0,822.0,0.0,0.0,82.0,68.0,5.0,28.333333333333332,1.6,2.0,1.6,2.0,0.5,0.5,7.53,7.26,0,0,0
11,1417,0.16999999999999998,0.14,0.0,0.0,14.0,37.0,3.0,3.0,368.0,365.0,0.0,0.0,29.0,50.0,5.0,13.0,2.0,2.0,2.0,2.0,1.0,1.0,7.8,8.1,0,0,0
12,169,0.29,0.23,0.0,0.0,11.0,12.0,2.0,2.0,536.0,550.0,0.0,0.0,55.0,45.0,20.0,20.0,1.6666666666666665,1.6666666666666665,1.6666666666666665,1.6666666666666665,0.3,0.4,8.1,8.2,0,1,0
13,1526,0.16,0.06,0.0,0.0,8.0,6.0,1.0,1.0,514.0,566.0,0.0,0.0,42.0,228.0,16.666666666666664,9.5,1.3333333333333333,1.3333333333333333,1.3333333333333333,1.3333333333333333,0.7000000000000001,0.7,7.68,7.88,0,1,0
14,1938,0.05,0.0775,0.0,0.0,5.0,0.0,0.0,0.0,293.0,268.0,0.0,0.0,31.0,136.0,13.333333333333332,8.0,1.0,1.0,1.0,1.0,1.1,1.0,7.6,7.5,0,0,0
15,286,0.05,0.095,0.0,0.0,17.0,4.0,0.0,0.0,284.0,323.0,0.0,0.0,20.0,130.5,10.0,6.5,1.0,1.0,1.0,1.0,1.0,1.0,7.1,7.5,0,0,0
16,990,0.05,0.1125,0.0,0.0,29.0,8.0,2.0,2.0,503.0,498.0,0.0,0.0,28.0,125.0,5.0,5.0,2.0,2.0,2.0,2.0,4.6,1.0,7.7,7.9,0,0,0
17,823,0.2,0.13,0.0,0.0,21.0,17.0,3.0,3.0,556.0,854.0,0.0,0.0,98.0,95.0,24.0,53.7,2.0,4.0,2.0,4.0,1.0,1.1,7.4,7.8,0,1,0
19,1318,0.05,0.10775,0.0,0.0,76.0,6.0,5.0,7.0,767.0,464.0,0.0,0.0,40.0,54.0,4.666666666666666,31.85,3.0,1.0,3.0,1.0,0.5,0.5,7.6,7.24,1,0,0
20,1441,0.05,0.096625,0.0,0.0,80.0,24.0,3.0,3.0,573.0,630.0,0.0,0.0,120.0,30.0,7.333333333333333,20.925,2.0,1.0,2.0,1.0,0.5,0.5,7.83,7.73,0,0,0
27,548,0.03,0.03,0.0,0.0,23.0,254.5,2.5,2.5,457.0,451.0,0.0,0.0,60.0,45.0,23.6,10.75,1.6666666666666665,11.333333333333332,1.6666666666666665,11.333333333333332,0.3,0.3,7.5,7.4,0,0,0
29,1017,0.05,0.135,0.0,0.0,37.0,44.0,6.0,8.0,710.0,761.0,0.0,0.0,185.0,395.0,36.0,10.25,1.0,2.0,1.0,2.0,1.8,3.7,7.3,7.5,0,1,0
30,513,0.13,0.1875,0.0,0.0,0.0,0.0,0.0,0.0,382.0,299.0,0.0,0.0,20.0,20.0,10.0,10.0,1.0,1.0,1.0,1.0,1.0,1.0,7.5,7.3,0,0,0
31,491,0.21,0.24,0.0,0.0,13.5,6.333333333333333,13.3,12.3,448.0,440.0,0.0,0.0,102.5,81.2,18.25,30.0,1.0,2.0,1.0,2.0,0.7,0.5,7.47,7.46,0,0,1
32,1277,0.17,0.05,0.0,0.0,27.0,12.666666666666666,6.0,2.0,647.0,594.0,0.0,0.0,185.0,20.0,26.5,5.0,2.0,2.0,2.0,2.0,2.4,1.0,7.6,7.9,0,0,0
33,1028,0.29,0.35,0.0,0.0,24.0,19.0,2.0,2.1,320.0,287.0,0.0,0.0,42.0,25.0,9.0,11.0,2.0,2.0,2.0,2.0,1.3,1.0,7.8,8.0,0,0,0
34,542,0.51,0.245,0.0,0.0,44.0,0.0,6.5,5.1499999999999995,1062.0,872.0,0.0,0.0,10.0,10.0,28.0,12.0,3.0,2.0,3.0,2.0,0.3,0.3,6.5,7.5,0,0,0
35,1027,0.73,0.14,0.0,0.0,300.0,1.5,11.0,8.2,1683.0,1197.0,0.0,0.0,43.0,46.0,47.0,13.0,4.0,2.0,4.0,2.0,1.0,1.0,7.7,8.0,1,0,1
36,2311,0.22,0.095,0.0,0.0,4.0,3.0,2.0,3.0,457.0,725.0,0.0,0.0,150.0,20.0,23.0,5.0,2.0,2.0,2.0,2.0,1.6,1.0,7.6,7.4,0,0,0
37,297,0.05,0.05,0.0,0.0,0.0,12.0,0.0,0.0,498.0,497.0,0.0,0.0,20.0,20.0,10.0,10.0,1.0,1.0,1.0,1.0,1.0,1.0,7.3,7.4,0,0,0
38,1117,0.065,0.05,0.0,0.0,0.0,0.0,4.0,4.0,716.0,810.0,0.0,0.0,20.0,28.0,8.416666666666666,5.0,1.0,4.0,1.0,4.0,1.0,1.0,7.5,7.1,0,0,0
39,1409,0.08,0.05,0.0,0.0,4.0,158.0,2.0,5.0,448.0,473.0,0.0,0.0,20.0,160.0,6.833333333333333,23.866666666666664,1.0,2.0,1.0,2.0,0.64,1.3,7.8,7.9,0,0,0
40,355,0.05,0.05,0.0,0.0,4.0,0.0,0.0,0.0,379.0,403.0,0.0,0.0,20.0,20.0,5.25,42.73333333333333,1.0,1.0,1.0,1.0,1.0,1.0,7.3,7.4,0,0,0
43,1074,0.05,0.05,0.0,0.0,0.0,0.0,0.0,0.0,338.0,379.0,0.0,0.0,43.0,56.0,0.5,0.5,1.0,1.0,1.0,1.0,1.35,0.65,7.98,7.96,0,0,0
44,562,0.05,0.03,0.0,0.0,0.0,24.0,0.0,0.0,152.8,113.0,0.0,0.0,79.0,38.0,270.75,5.25,1.0,1.0,1.0,1.0,1.3,0.3,6.5,6.6,0,0,0
45,629,0.05,0.04,0.0,0.0,0.0,7.0,0.0,0.0,372.0,488.0,0.0,0.0,115.0,20.0,541.0,10.0,1.0,1.0,1.0,1.0,1.0,1.0,7.6,7.4,1,0,0
46,444,0.05,0.05,100.0,0.0,300.0,26.0,5.0,0.0,758.0,647.0,0.0,0.0,460.0,20.0,11.0,10.0,4.0,1.0,4.0,1.0,2.0,1.0,7.6,7.1,1,0,0
47,399,0.05,0.1,0.0,0.0,16.0,0.0,0.0,0.0,387.0,466.0,0.0,0.0,20.0,20.0,6.0,7.999999999999999,1.0,1.0,1.0,1.0,1.0,1.0,7.7,7.7,0,0,0
48,590,0.14,0.15,0.0,0.0,158.0,2.0,5.5,6.0,421.0,428.0,0.0,0.0,122.0,166.0,13.25,6.0,1.5,1.5,1.5,1.5,0.2,0.5,7.7,7.6,0,0,0
49,1099,0.16333333333333333,0.12,0.0,0.0,300.0,26.0,11.0,12.0,579.0,623.0,0.0,0.0,97.5,196.0,20.5,4.0,2.0,2.0,2.0,2.0,1.0,1.0,7.6,7.9,0,1,0
50,658,0.18666666666666665,0.12,0.0,0.0,1.0,19.0,3.0,3.0,646.0,628.0,0.0,0.0,73.0,110.0,27.75,10.5,9.0,5.0,9.0,5.0,0.6,0.5,7.47,7.47,0,0,0
51,2078,0.21,0.12,0.0,0.0,24.0,7.0,4.0,3.0,495.0,456.0,0.0,0.0,200.0,92.0,35.0,17.0,16.0,8.0,16.0,8.0,4.9,1.0,8.0,8.0,1,1,0
52,521,0.05,0.12,0.0,0.0,7.0,0.0,0.0,0.0,355.0,352.0,0.0,0.0,54.0,20.0,23.0,10.0,1.0,1.0,1.0,1.0,1.0,1.0,7.5,7.5,0,0,0
53,430,0.113,0.12,0.0,0.0,0.0,3.0,10.8,7.1,982.0,981.0,0.0,0.0,155.0,209.0,4.7,30.0,1.0,2.0,1.0,1.0,1.11,0.84,8.2,8.3,0,0,0
54,826,0.31,0.68,0.0,0.0,0.0,19.0,3.0,2.0,975.0,674.0,0.0,0.0,36.0,25.0,5.0,181.0,4.0,2.0,4.0,2.0,1.0,1.0,8.2,7.6,0,1,0
55,1313,0.2816666666666666,0.05,0.0,0.0,34.0,4.0,4.1,2.0,716.0,744.0,0.0,0.0,83.0,59.0,6.0,2.0,3.4000000000000004,1.0,3.4000000000000004,2.0,1.0,1.0,7.03,7.33,0,0,0
56,877,0.25333333333333335,0.05,0.0,0.0,0.0,8.0,3.0749999999999997,2.0,649.75,530.0,0.0,0.0,69.0,10.0,7.0,2.0,2.8000000000000003,2.0,2.8000000000000003,2.0,1.0,1.0,7.0975,7.6,0,0,0
57,881,0.225,0.19,0.0,0.0,5.0,3.0,2.05,3.0,583.5,586.0,0.0,0.0,55.0,14.0,8.0,2.0,2.2,2.0,2.2,2.0,1.0,1.0,7.165,7.5,0,0,0
59,509,0.16833333333333333,0.08666666666666667,0.0,0.0,0.0,4.0,0.0,0.0,451.0,466.0,0.0,0.0,27.0,20.0,10.0,10.0,1.0,1.0,1.0,1.0,1.0,1.0,7.3,7.3,0,0,0
60,1602,0.14,0.09333333333333332,0.0,0.0,300.0,80.0,12.0,2.0,553.0,589.0,0.0,0.0,1270.0,14.0,23.0,15.25,8.0,1.0,1.0,1.0,7.0,0.5,7.7,7.9,1,0,0
61,1141,0.11,0.1,0.0,0.0,153.5,42.0,8.3,6.9,448.0,452.0,0.0,0.0,900.0,37.5,44.33333333333333,20.5,1.0,1.0,1.0,1.0,1.93,1.75,8.02,8.02,0,0,0
62,979,0.15333333333333332,0.13333333333333333,0.0,0.0,7.0,4.0,6.0,2.0,543.0,503.0,0.0,0.0,530.0,61.0,65.66666666666667,25.75,2.0,1.0,2.0,1.0,1.0,1.0,7.2,7.5,1,0,0
63,605,0.19666666666666666,0.16666666666666666,0.0,0.0,0.0,0.0,0.0,0.0,326.0,416.0,0.0,0.0,20.0,20.0,87.0,31.0,1.0,1.0,1.0,1.0,1.0,1.0,7.4,7.4,1,0,0
64,1465,0.24,0.2,0.0,0.0,0.0,48.0,8.1,11.8,878.0,883.0,0.0,0.0,889.0,767.0,64.66666666666667,79.5,1.0,1.0,1.0,1.0,2.0,2.79,7.87,8.02,1,1,0
65,426,0.05,0.05,0.0,0.0,2.0,0.0,12.533333333333331,14.5,593.0,610.0,0.0,0.0,23.0,393.5,42.33333333333333,49.75,1.0,1.0,1.0,1.0,0.2,0.2,7.5,7.7,0,0,0
66,474,0.065,0.05,0.0,0.0,1.0,0.0,16.966666666666665,17.2,561.0,564.0,0.0,0.0,22.0,20.0,20.0,20.0,1.0,1.0,1.0,1.0,0.2,0.2,7.6,7.6,0,0,0
67,751,0.08,0.08,0.0,0.0,8.0,68.0,21.4,19.9,1394.0,877.0,0.0,0.0,219.0,20.0,33.0,16.666666666666664,1.0,1.0,1.0,1.0,1.46,2.46,7.98,7.86,1,0,1
68,380,0.05,0.065,0.0,0.0,0.0,0.0,0.0,0.0,572.0,576.0,0.0,0.0,20.0,20.0,21.5,13.333333333333332,1.0,1.0,1.0,1.0,1.0,1.0,7.4,7.5,0,0,0
69,277,0.05,0.05,0.0,0.0,7.0,19.0,0.0,0.0,636.0,631.0,0.0,0.0,25.0,43.0,10.0,10.0,1.0,1.0,1.0,1.0,1.3,1.0,7.6,7.5,0,0,0
70,934,0.05,0.05,0.0,0.0,5.5,0.0,0.0,0.0,339.0,369.0,0.0,0.0,52.0,86.0,0.5,0.5,1.0,1.0,1.0,1.0,1.15,1.0,8.05,7.97,0,0,0
71,360,0.05,0.05,0.0,0.0,4.0,0.0,0.0,0.0,462.0,530.0,0.0,0.0,36.0,64.0,13.25,22.75,1.0,1.0,1.0,1.0,1.0,1.0,7.5,7.4,0,0,0
72,436,0.05,0.05,0.0,0.0,0.0,0.0,0.0,0.0,308.0,494.0,0.0,0.0,20.0,42.0,26.0,45.0,1.0,1.0,1.0,1.0,1.0,1.0,7.4,7.3,0,0,0
73,367,0.05,0.05,0.0,0.0,4.0,4.0,0.0,0.0,295.0,287.0,0.0,0.0,20.0,31.0,10.0,27.5,1.0,1.0,1.0,1.0,1.0,1.0,7.6,8.0,0,0,0
74,349,0.05,0.05,0.0,0.0,0.0,229.0,0.0,0.0,90.6,63.0,0.0,0.0,20.0,20.0,10.0,10.0,1.0,1.0,1.0,1.0,1.0,1.0,7.5,8.2,0,0,0
75,1319,0.05,0.11,0.0,0.0,10.0,115.0,4.0,5.0,413.0,451.0,0.0,0.0,120.0,100.0,12.0,10.0,1.0,2.0,1.0,2.0,1.3,1.0,7.8,8.2,0,0,0
76,1485,0.05,0.098,0.0,0.0,60.0,7.0,0.0,0.0,512.0,510.0,0.0,0.0,20.0,20.0,10.0,10.0,1.0,1.0,1.0,1.0,1.0,1.0,7.6,7.2,0,0,0
77,1297,0.065,0.08600000000000002,0.0,0.0,41.0,1.0,2.0,5.0,634.0,580.0,0.0,0.0,20.0,20.0,20.0,20.0,2.0,1.0,2.0,1.0,1.0,0.5,7.5,7.8,0,0,0
78,1051,0.08,0.07400000000000001,0.0,0.0,20.5,4.0,8.4,0.0,454.0,398.0,0.0,0.0,20.0,50.0,17.0,20.333333333333332,1.0,1.0,1.0,1.0,0.68,1.0,7.88,7.5,0,0,0
80,328,0.05,0.05,0.0,0.0,83.0,0.0,0.0,0.0,396.0,501.0,0.0,0.0,20.0,20.0,11.0,21.0,1.0,1.0,1.0,1.0,1.0,1.0,7.5,7.3,0,0,0
82,1101,0.05,0.05,0.0,0.0,44.0,7.0,3.0,3.3,180.0,155.0,0.0,0.0,58.0,56.0,5.0,5.0,2.0,2.0,2.0,2.0,1.0,1.0,7.7,8.1,0,0,0
83,689,0.05,0.05,0.0,0.0,5.0,8.0,3.0,2.65,712.0,504.0,0.0,0.0,44.33333333333333,48.0,8.175,7.0,2.0,1.5,2.0,1.5,0.5,0.5,7.57,7.55,0,0,0
84,1103,0.05,0.05,0.0,0.0,10.0,3.0,3.0,2.0,515.0,578.0,0.0,0.0,30.666666666666664,40.0,11.35,9.0,2.0,1.0,2.0,1.0,1.3,1.0,8.0,7.9,0,0,0
85,1185,0.05,0.05,0.0,0.0,0.0,11.0,2.0,2.0,576.0,575.0,0.0,0.0,17.0,46.0,14.524999999999999,8.98,1.0,2.0,1.0,2.0,1.0,1.0,7.7,8.0,0,0,0
94,1096,0.24,0.16,0.0,0.0,4.0,0.0,2.0,2.0,633.0,594.0,0.0,0.0,185.0,3.7,40.0,8.8,4.0,4.0,16.0,4.0,4.1,1.0,7.7,8.0,1,0,0
95,546,0.19,0.135,0.0,0.0,152.0,3.0,10.0,11.2,544.0,552.0,0.0,0.0,215.0,879.0,157.14285714285714,19.4,1.0,1.0,1.0,1.0,1.1,1.19,7.55,7.56,1,1,0
96,676,0.22,0.11,0.0,0.0,300.0,9.0,5.6,4.0,662.0,691.0,0.0,0.0,156.0,71.0,274.2857142857143,30.0,2.0,1.0,2.0,1.0,0.58,2.3,7.98,8.02,1,0,0
97,722,0.25,0.19,0.0,0.0,29.0,300.0,6.0,9.0,696.0,683.0,0.0,0.0,97.0,90.0,391.4285714285714,26.0,1.5,2.0,1.5,2.0,0.5,0.5,8.09,8.03,0,0,0
101,261,3.19,0.11,0.0,0.0,0.0,0.0,0.0,0.0,392.0,410.0,0.0,0.0,1570.0,66.0,860.0,40.0,1.0,1.0,1.0,3.0,1.0,1.0,7.5,7.8,1,0,0
102,841,0.12,0.05,0.0,0.0,39.0,17.0,5.0,6.0,713.0,693.0,0.0,0.0,69.0,138.0,6.0,9.0,4.0,2.0,4.0,2.0,1.0,1.0,8.0,8.2,0,1,1
103,441,0.05,0.05,0.0,9.0,21.5,8.5,0.0,0.0,288.0,401.0,0.0,0.0,233.0,808.0,5.5,10.0,1.0,1.0,1.0,1.0,3.0,8.8,8.3,8.0,1,1,0
104,1215,0.05,0.05,0.0,6.0,4.0,0.0,2.0,2.0,653.0,756.0,0.0,0.0,30.0,40.0,5.0,11.0,1.0,2.0,1.5,2.0,1.0,1.0,8.6,7.8,0,0,0
105,850,0.05,0.05,0.0,3.0,145.0,0.0,3.0,3.0,461.0,459.0,0.0,0.0,47.0,50.0,5.0,5.0,2.0,2.0,2.0,2.0,1.0,1.0,7.7,7.8,0,0,0
106,1209,0.05,0.05,0.0,0.0,1.0,14.0,3.0,3.0,381.5,310.0,0.0,0.0,31.0,11.0,9.0,6.666666666666666,1.6666666666666665,1.6666666666666665,1.6666666666666665,1.6666666666666665,0.5,0.5,7.8,7.89,0,0,0
107,524,0.05,0.05,0.0,0.0,2.5,7.0,1.5,1.5,302.0,257.0,0.0,0.0,20.0,37.0,12.999999999999998,8.333333333333332,1.3333333333333333,1.3333333333333333,1.3333333333333333,1.3333333333333333,0.2,0.2,8.2,8.1,0,0,0
108,197,0.05,0.05,0.0,0.0,4.0,0.0,0.0,0.0,557.0,558.0,0.0,0.0,30.0,20.0,17.0,10.0,1.0,1.0,1.0,1.0,1.0,1.0,7.7,7.5,0,0,0
109,1082,0.145,0.05,0.0,0.0,186.0,300.0,3.0,5.0,478.0,547.0,0.0,0.0,40.0,48.0,13.5,5.8,2.0,2.0,2.0,2.0,1.0,1.0,7.9,7.8,0,1,0
110,354,0.24,0.19,0.0,0.0,0.0,0.0,0.0,0.0,536.0,447.0,0.0,0.0,20.0,20.0,10.0,10.0,1.0,1.0,2.0,2.0,1.0,1.0,7.2,7.1,0,0,1
111,1216,0.05,0.12,0.0,0.0,5.0,11.0,2.0,2.0,618.0,573.0,0.0,0.0,16.0,20.0,2.0,10.0,2.0,2.0,2.0,2.0,1.0,1.0,8.1,8.2,0,0,0
112,499,0.05666666666666667,0.05,0.0,0.0,4.0,0.0,0.0,0.0,411.0,410.0,0.0,0.0,20.0,20.0,10.0,10.0,1.0,1.0,1.0,1.0,1.0,1.1,7.6,7.6,0,0,0
113,471,0.06333333333333334,0.05,0.0,0.0,1.0,1.0,2.0,2.5,632.0,609.0,0.0,0.0,64.0,29.0,6.3,36.0,1.3333333333333333,2.0,1.3333333333333333,2.0,0.5,0.2,7.5,7.6,0,0,0
114,807,0.07,0.165,0.0,0.0,0.0,0.0,4.0,5.0,768.0,688.0,0.0,0.0,47.0,136.0,2.6,0.5,1.6666666666666665,3.0,1.6666666666666665,3.0,1.0,0.6,7.36,7.23,0,0,0
115,1912,0.49,0.28,0.0,0.0,300.0,138.0,6.0,5.0,1039.0,970.0,0.0,0.0,160.0,120.0,40.0,12.0,2.0,4.0,2.0,4.0,1.6,1.0,7.5,7.6,0,0,0
116,711,0.27,0.05,0.0,0.0,6.0,44.0,5.0,5.0,565.0,552.0,0.0,0.0,120.0,55.0,25.0,1.7,1.5,2.5,1.5,2.5,0.5,0.5,7.46,7.57,0,0,0
117,391,0.05,0.05,0.0,0.0,6.0,22.0,0.0,0.0,219.0,214.0,0.0,0.0,144.0,21.0,10.0,10.35,1.0,1.0,1.0,1.0,1.0,1.0,7.8,8.0,0,0,0
118,497,0.05,0.05,0.0,0.0,146.0,0.0,0.0,0.0,403.0,406.0,0.0,0.0,24.0,20.0,10.0,19.0,1.0,1.0,1.0,1.0,1.0,2.0,7.6,7.5,0,0,0
119,744,0.11000000000000001,0.05,4.666666666666666,0.0,18.0,21.0,9.0,8.0,645.0,715.0,3.333333333333333,0.0,610.0,350.0,6.0,16.0,4.0,1.5,4.0,1.5,1.0,0.5,7.0,6.91,1,1,0
120,336,0.17,0.497,9.333333333333332,0.0,25.0,410.0,6.0,9.0,732.0,684.0,6.666666666666666,0.0,36.0,180.0,2.0,17.0,2.0,2.0,2.5,2.0,1.0,2.0,7.7,8.08,0,1,1
121,1368,0.08,0.05,14.0,0.0,820.0,4.0,7.1,0.0,561.0,510.0,10.0,0.0,28.0,20.0,6.5,10.0,1.0,1.0,1.0,1.0,0.5,1.0,7.43,7.3,1,0,0
122,214,0.36,0.05,0.0,0.0,0.0,14.0,0.0,0.0,545.0,436.0,0.0,0.0,20.0,20.0,11.0,14.0,1.0,1.0,1.0,1.0,1.0,1.0,7.3,7.3,0,0,1
123,1659,0.64,0.2,0.0,0.0,168.0,28.0,7.0,11.0,699.0,677.0,0.0,0.0,290.0,250.0,100.0,10.0,1.0,2.5,1.0,1.0,0.5,2.1,7.4,8.3,1,1,0
124,1612,0.12,0.12,0.0,0.0,0.0,42.0,0.0,0.0,338.0,322.0,0.0,0.0,666.0,20.0,314.0,262.0,1.0,4.0,1.0,1.0,10.0,1.0,7.2,7.5,1,1,0
125,417,0.0975,0.0975,0.0,0.0,4.0,0.0,0.0,0.0,449.0,423.0,0.0,0.0,145.0,100.0,13.0,10.0,1.0,1.0,1.0,1.0,2.3,1.2,7.8,7.5,0,0,0
126,507,0.075,0.075,0.0,0.0,0.0,0.0,0.0,0.0,393.0,398.0,0.0,0.0,20.0,101.0,17.0,35.0,1.0,1.0,1.0,1.0,1.0,1.0,7.4,7.4,0,0,1
127,1190,0.0525,0.0525,0.0,0.0,10.0,19.0,3.0,2.8,653.0,608.0,0.0,0.0,62.0,47.0,20.25,32.25,1.0,2.0,1.0,2.0,1.0,1.0,7.6,7.9,0,0,0
128,757,0.03,0.03,0.0,0.0,0.0,21.0,4.5,3.9,449.0,443.0,0.0,0.0,73.0,40.0,23.5,29.5,1.5,1.5,1.5,1.5,0.3,0.3,7.5,7.5,0,0,0
129,1193,0.035,0.0315,0.0,0.0,15.0,23.0,6.0,5.0,631.0,616.0,0.0,0.0,125.0,40.0,26.75,26.75,2.0,1.0,2.0,1.0,1.5,1.0,7.4,7.6,0,0,0
130,1933,0.04,0.033,0.0,0.0,8.5,16.0,4.5,4.0,478.5,572.0,0.0,0.0,1243.0,59.0,30.0,24.0,1.6666666666666665,1.0,1.6666666666666665,1.0,1.0,0.75,7.390000000000001,7.7,1,0,0
131,706,0.045000000000000005,0.0415,0.0,0.0,2.0,8.0,3.0,3.0,326.0,429.0,0.0,0.0,100.0,100.0,23.333333333333332,23.428571428571427,1.3333333333333333,1.0,1.3333333333333333,1.0,0.5,0.5,7.38,7.51,0,0,0
132,316,0.05,0.05,0.0,0.0,0.0,4.0,0.0,0.0,620.0,481.0,0.0,0.0,38.0,20.0,16.666666666666664,22.857142857142854,1.0,1.0,1.0,1.0,1.0,1.0,7.8,7.6,0,0,0
133,374,0.05,0.05,0.0,0.0,0.0,0.0,0.0,0.0,242.0,292.0,0.0,0.0,26.0,104.0,10.0,22.285714285714285,1.0,1.0,1.0,1.0,1.0,1.0,7.7,8.0,0,0,0
137,839,0.05,0.05,0.0,0.0,71.0,5.0,2.0,5.0,450.0,507.0,0.0,0.0,20.0,44.0,3.8,20.0,1.0,4.0,1.0,4.0,1.0,2.3,7.8,8.0,0,1,0
138,677,0.15,0.15,0.0,0.0,4.0,4.0,7.9,6.1,646.0,645.0,0.0,0.0,26.333333333333332,113.5,3.6666666666666665,13.999999999999998,1.0,1.0,1.0,1.0,2.33,2.2,7.67,7.71,0,0,0
139,1160,0.25,0.25,0.0,0.0,23.0,12.5,12.9,12.4,376.0,376.0,0.0,0.0,32.666666666666664,183.0,3.533333333333333,7.999999999999999,2.0,1.0,2.0,1.0,0.5,0.5,7.75,7.85,0,0,0
140,962,0.05,0.29,0.0,0.0,42.0,21.0,10.25,10.600000000000001,669.0,748.0,0.0,0.0,39.0,43.3,3.4,2.0,1.5,1.0,1.5,1.0,1.0,0.775,7.92,7.86,0,1,0
141,938,0.25,0.16999999999999998,0.0,0.0,4.0,5.0,7.6,8.8,597.0,505.0,0.0,0.0,84.0,31.65,5.05,8.5,1.0,1.0,1.0,1.0,0.54,1.05,7.62,7.91,0,0,0
142,601,0.45,0.05,0.0,0.0,2.0,31.0,3.8,4.4,403.0,400.0,0.0,0.0,129.0,20.0,6.7,15.0,1.0,1.0,1.0,1.0,0.2,0.3,7.7,7.6,0,0,0
143,314,0.07,0.05,0.0,0.0,0.0,0.0,0.0,0.0,595.0,606.0,0.0,0.0,62.0,20.0,8.35,21.5,1.0,1.0,1.0,1.0,1.0,1.0,7.3,7.3,0,0,0
144,1695,0.18,0.14,0.0,0.0,0.0,0.0,0.0,0.0,451.0,407.0,0.0,0.0,151.0,81.0,10.0,28.0,8.0,2.0,1.3333333333333333,1.0,1.0,1.0,7.5,7.5,0,0,0
145,1483,0.05,0.05,0.0,0.0,2.0,0.0,1.5,1.0,353.0,355.0,0.0,0.0,30.0,20.0,16.0,16.5,5.0,1.5,1.6666666666666665,1.0,0.2,0.5,8.0,8.1,0,0,0
146,1377,0.08666666666666667,0.1,0.0,0.0,78.0,137.0,3.0,2.0,632.0,666.0,0.0,0.0,150.0,23.0,22.0,5.0,2.0,1.0,2.0,1.0,1.0,1.0,7.7,7.9,0,0,0
147,1009,0.12333333333333332,0.15,0.0,0.0,300.0,5.0,3.0,4.1,612.0,650.0,0.0,0.0,80.0,280.0,170.2,80.0,1.0,2.0,1.0,2.0,1.0,3.2,8.1,8.0,1,1,0
148,630,0.16,0.2,0.0,0.0,103.0,143.0,6.0,14.6,1029.0,1180.0,0.0,0.0,88.0,264.0,14.4,30.0,4.0,5.0,4.0,1.5,1.0,1.62,7.8,8.13,1,1,1
149,332,0.05,0.05,0.0,0.0,0.0,0.0,0.0,0.0,622.0,676.0,0.0,0.0,20.0,20.0,17.2,25.0,1.0,1.0,1.0,1.0,1.0,1.0,7.0,7.3,0,0,0
150,484,0.05,0.11,0.0,0.0,82.0,94.5,0.0,2.3,473.0,470.0,0.0,0.0,39.0,36.0,20.0,20.0,1.0,1.0,1.0,1.0,0.2,0.2,7.7,7.5,0,0,0
151,654,0.05,0.05,0.0,0.0,164.0,189.0,0.0,0.0,465.0,479.0,0.0,0.0,152.0,159.0,26.0,50.0,1.0,1.0,1.0,1.0,2.1,1.7,7.7,7.9,0,0,0
152,1475,0.05,0.18,0.0,0.0,0.0,8.0,0.0,0.0,499.0,643.0,0.0,0.0,138.0,866.0,89.0,430.0,4.0,1.0,2.0,1.0,1.0,14.0,7.4,7.3,1,1,1
153,226,0.09,0.1,0.0,0.0,0.0,0.0,2.0,0.0,397.0,418.0,0.0,0.0,251.5,480.5,73.5,326.0,4.0,1.0,3.0,2.5,1.0,1.0,7.3,7.3,0,0,0
154,1183,0.07,0.09000000000000001,0.0,0.0,0.0,200.0,4.0,3.1,759.0,739.0,0.0,0.0,365.0,95.0,58.0,222.0,4.0,4.0,4.0,4.0,1.0,1.0,7.6,7.9,1,1,0
155,1690,0.05,0.08,0.0,0.0,7.5,156.0,0.0,0.0,367.0,366.0,0.0,0.0,22.0,87.0,42.5,118.0,1.0,1.0,1.0,1.0,1.0,1.0,7.7,7.9,0,0,0
156,393,0.13,0.07,0.0,0.0,15.0,0.0,0.0,0.0,560.0,566.0,0.0,0.0,43.0,20.0,27.0,14.0,1.0,1.0,1.0,1.0,1.0,1.0,7.4,7.4,0,0,0
157,490,0.05,0.06,0.0,0.0,22.5,7.0,2.4,3.05,567.0,565.0,0.0,0.0,24.0,20.0,28.5,22.0,2.0,1.0,2.0,1.0,0.6,0.3,7.7,7.8,0,0,0
160,276,0.13,0.1,0.0,0.0,45.0,35.0,2.0,0.0,886.0,876.0,0.0,0.0,160.0,150.0,50.0,38.0,2.0,1.0,1.0,2.0,0.43,0.77,8.0,8.0,0,0,1
161,547,0.05,0.11,0.0,0.0,22.5,300.0,0.0,0.0,472.0,633.0,0.0,0.0,85.0,112.0,10.0,155.0,1.0,1.0,1.0,1.0,1.0,1.0,7.1,7.3,0,1,0
162,357,0.05,0.05,0.0,0.0,0.0,0.0,0.0,0.0,449.0,515.0,0.0,0.0,50.0,67.5,11.666666666666666,352.5,1.0,1.0,1.0,1.0,1.0,1.0,7.5,7.4,0,0,0
163,1105,0.11499999999999999,0.22,0.0,0.0,2.0,4.0,2.0,2.0,517.0,428.0,0.0,0.0,15.0,23.0,13.333333333333332,550.0,4.0,4.0,4.0,1.0,1.0,1.3,7.8,8.1,0,1,0
164,829,0.18,0.25,0.0,0.0,4.0,0.0,13.0,2.0,633.0,662.0,0.0,0.0,990.0,23.0,15.0,5.0,8.0,1.0,1.0,1.0,3.0,1.0,7.7,7.8,1,0,0
165,1065,0.13666666666666666,0.18333333333333332,0.0,0.0,7.0,7.0,3.0,3.0,543.0,540.0,0.0,0.0,505.0,21.5,12.5,7.5,4.5,1.0,1.0,1.0,0.5,0.5,7.52,7.54,0,0,0
166,610,0.09333333333333332,0.11666666666666667,0.0,0.0,0.0,0.0,0.0,0.0,316.0,413.0,0.0,0.0,20.0,20.0,10.0,10.0,1.0,1.0,1.0,1.0,1.0,1.0,7.5,7.2,0,0,0
167,350,0.05,0.05,0.0,0.0,5.0,0.0,0.0,0.0,566.0,568.0,0.0,0.0,20.0,20.0,10.0,7.5,1.0,1.0,1.0,1.0,1.0,1.0,7.3,7.3,0,0,0
168,949,0.05,0.05,0.0,0.0,16.0,72.0,2.0,0.0,675.0,429.5,0.0,0.0,21.0,43.0,2.0,5.0,1.0,1.0,1.0,1.0,1.0,1.0,6.9,7.2,0,0,1
169,310,0.05,0.05,0.0,0.0,45.0,27.0,0.0,0.0,197.0,291.0,0.0,0.0,20.0,20.0,6.0,10.0,1.0,1.0,1.0,1.0,1.0,1.0,8.0,7.7,1,1,0
170,1664,0.05,0.05,0.0,0.0,0.0,0.0,0.0,10.35,475.0,470.0,0.0,0.0,100.0,523.0,10.0,14.0,1.0,1.0,1.3333333333333333,1.0,1.0,1.0,7.6,7.7,0,1,0
171,633,0.060000000000000005,0.061,0.0,0.0,4.0,25.0,9.3,20.7,980.0,978.0,0.0,0.0,95.0,186.0,7.5,30.0,1.5,1.0,1.6666666666666665,1.0,1.38,1.6,8.21,8.22,0,0,0
172,1402,0.07,0.16,0.0,0.0,9.0,30.0,4.0,2.0,516.0,524.0,0.0,0.0,90.0,20.0,5.0,6.0,2.0,1.0,2.0,1.0,1.0,1.0,7.8,8.1,0,1,0
173,1195,0.085,0.05,0.0,0.0,6.0,4.0,4.0,4.0,617.0,595.0,0.0,0.0,58.0,20.9,3.9999999999999996,24.9,2.0,2.0,2.0,2.0,1.0,1.0,7.6,7.7,0,0,0
174,193,0.1,0.08,0.0,0.0,30.0,16.0,5.3,11.5,618.0,622.0,0.0,0.0,79.0,110.45,3.0,22.93333333333333,1.0,1.0,1.0,1.0,1.1,1.24,7.55,7.55,0,0,0
175,1327,0.33,0.065,0.0,0.0,0.0,1.0,3.0,7.0,599.0,709.0,0.0,0.0,100.0,200.0,2.0,20.966666666666665,4.0,2.5,4.0,2.5,1.0,0.5,7.3,7.43,0,0,0
176,271,0.08,0.05,0.0,0.0,65.0,73.0,12.0,23.9,998.0,995.0,0.0,0.0,98.0,97.0,30.0,19.0,4.0,4.0,4.0,4.0,0.87,1.84,8.05,8.0,0,0,0
177,828,0.12,0.22,0.0,0.0,12.0,19.0,2.0,3.0,590.0,623.0,0.0,0.0,52.0,50.0,80.0,106.0,2.0,1.0,2.0,1.0,1.0,1.0,7.7,7.9,1,1,0
178,987,0.16,0.16,0.0,0.0,110.0,6.0,3.0,3.0,522.0,489.0,0.0,0.0,110.0,59.0,45.0,58.0,2.0,2.0,2.0,2.0,1.0,1.0,7.1,7.5,0,0,0
179,396,0.2,0.1,0.0,0.0,5.0,0.0,12.65,9.0,1468.0,1516.0,0.0,0.0,50.0,50.0,10.0,10.0,1.5,1.5,1.5,1.5,0.5,0.5,7.4,7.4,0,0,0
180,1769,0.11,0.08,0.0,3.0,2.5,124.0,22.3,15.0,178.0,273.0,0.0,0.0,36.666666666666664,364.0,7.033333333333333,36.0,1.0,1.0,1.0,1.0,0.92,0.89,7.55,7.8,0,1,1
181,196,0.14,0.08,0.0,0.0,0.0,3.0,3.2,5.4,599.0,620.0,0.0,0.0,23.33333333333333,44.8,4.066666666666666,30.0,1.0,2.0,1.0,2.0,0.5,0.54,7.84,7.86,0,0,0
182,567,0.03,0.03,0.0,0.0,0.0,43.0,3.6,4.7,394.0,397.0,0.0,0.0,10.0,10.0,1.1,23.333333333333332,1.0,2.0,1.0,2.0,0.3,0.5,7.7,7.7,0,0,0
183,1165,0.31,0.034,0.0,0.0,36.0,83.0,4.0,4.0,497.0,525.0,0.0,0.0,12.0,15.5,5.55,16.666666666666664,1.0,2.0,1.0,2.0,1.0,1.0,7.1,7.4,0,0,0
184,608,0.18,0.038000000000000006,0.0,0.0,0.0,0.0,0.0,0.0,414.0,524.0,0.0,0.0,20.0,21.0,10.0,10.0,1.0,1.0,1.0,1.0,1.0,1.0,7.5,7.3,0,0,0
185,395,0.05,0.04200000000000001,0.0,0.0,0.0,0.0,0.0,0.0,492.0,412.0,0.0,0.0,20.0,20.0,10.0,10.0,1.0,1.0,1.0,1.0,1.0,1.0,7.4,7.4,0,0,0
187,475,0.05,0.05,0.0,0.0,2.0,1.0,0.0,0.0,544.0,538.0,0.0,0.0,21.0,20.0,39.0,20.0,1.0,1.0,1.0,1.0,0.2,0.2,7.6,7.7,0,0,0
188,593,0.05,0.05,0.0,0.0,54.0,0.0,0.0,0.0,381.0,399.0,0.0,0.0,85.0,243.0,26.0,27.0,1.0,1.0,1.0,1.0,1.0,2.4,7.5,7.4,0,1,0
189,1474,0.05,0.05,0.0,0.0,5.0,300.0,3.0,2.0,766.0,363.5,0.0,0.0,52.5,20.0,18.0,2.0,1.0,2.0,1.0,1.0,3.1,1.0,7.5,7.9,0,1,0
190,779,0.05,0.05,0.0,0.0,0.0,0.0,0.0,0.0,336.0,328.0,0.0,0.0,20.0,20.0,10.0,18.0,1.0,1.0,1.0,1.0,1.0,1.0,7.7,7.7,0,0,0
191,482,0.05,0.05,2.0,0.0,0.0,0.0,0.0,0.0,473.0,476.0,2.0,0.0,20.0,20.0,10.0,10.0,1.0,1.0,1.0,1.0,1.0,1.0,7.9,7.9,1,0,0
192,2208,0.08333333333333333,0.05,1.3333333333333333,0.0,4.0,194.0,3.0,2.0,479.0,538.0,1.3333333333333333,0.0,120.0,71.0,59.2,57.4,2.0,2.0,2.0,2.0,1.8,2.4,7.6,7.9,1,1,1
193,704,0.11666666666666665,0.05,0.6666666666666666,0.0,5.5,3.0,6.0,5.0,691.0,596.0,0.6666666666666666,0.0,97.0,26.0,41.13333333333333,3.0,1.0,2.0,1.0,2.0,1.0,1.0,7.1,7.3,0,0,0
194,693,0.15,0.05,0.0,0.0,7.0,0.0,13.2,12.9,893.0,891.0,0.0,0.0,74.0,23.0,23.066666666666666,4.0,1.0,2.0,1.0,2.0,1.65,1.43,7.91,7.66,0,0,0
195,840,0.05,0.05,0.0,0.0,3.5,10.666666666666666,2.0,2.0,708.0,747.0,0.0,0.0,51.0,20.0,5.0,5.0,1.0,1.0,1.0,1.0,1.0,1.0,7.6,7.9,0,0,1
196,702,0.08,0.08,0.0,0.0,0.0,21.333333333333332,7.4,5.9,589.0,979.0,0.0,0.0,102.4,90.0,30.0,16.5,1.0,1.0,1.0,1.0,0.51,0.5,7.74,7.8,0,0,0
197,303,0.06,0.08,0.0,0.0,19.0,32.0,3.7,2.95,746.0,650.0,0.0,0.0,61.2,160.0,22.96666666666667,28.0,1.0,1.0,1.0,1.0,0.18,0.89,7.8,8.0,0,0,0
198,529,0.19,0.07999999999999999,0.0,0.0,0.0,0.0,0.0,0.0,310.0,416.0,0.0,0.0,20.0,90.0,15.933333333333334,19.53333333333333,1.0,1.0,1.0,1.0,1.0,1.0,7.6,7.6,0,0,0
199,432,0.32,0.07999999999999999,0.0,0.0,63.0,63.0,5.0,10.0,505.0,454.0,0.0,0.0,280.0,20.0,8.9,11.066666666666666,4.0,1.0,4.0,1.0,3.7,1.0,7.6,7.4,1,0,0
200,1349,0.09,0.08,0.0,0.0,83.0,3.0,4.0,14.0,675.0,757.0,0.0,0.0,780.0,151.0,7780.0,2.6,4.0,2.0,2.0,2.0,33.0,9.5,7.4,7.6,1,0,1
201,1418,0.07,0.065,0.0,0.0,17.0,49.0,3.0,2.0,386.0,428.0,0.0,0.0,27.0,55.0,21.0,49.0,2.0,2.0,2.0,2.0,1.0,1.0,7.8,8.1,0,0,0
202,781,0.05,0.05,0.0,0.0,0.0,300.0,4.0,8.0,379.0,407.0,0.0,0.0,30.0,136.0,5.0,8.0,1.0,2.0,3.0,1.0,1.0,1.4,7.0,8.24,0,1,1
204,675,0.05,0.5750000000000001,0.0,0.0,0.0,3.0,6.9,3.6,594.0,577.0,0.0,0.0,28.5,126.0,4.25,523.0,1.0,1.0,1.0,1.0,0.7,0.5,7.84,7.94,0,0,0
205,836,0.05,1.1,0.0,0.0,7.0,300.0,3.0,5.0,509.0,856.0,0.0,0.0,30.0,195.0,5.0,1041.0,1.0,8.0,1.0,8.0,1.0,1.9,7.7,8.1,0,1,1
206,882,0.81,0.05,0.0,0.0,0.0,202.0,5.0,5.0,1045.0,694.0,0.0,0.0,33.0,35.0,13.0,5.0,4.0,5.666666666666666,4.0,5.666666666666666,3.4,1.2,7.9,8.149999999999999,1,0,0
207,243,0.027,0.02,0.0,0.0,4.5,104.0,5.0,5.0,538.0,532.0,0.0,0.0,33.0,27.5,11.0,5.0,3.0,3.333333333333333,3.0,3.333333333333333,0.5,0.5,8.3,8.2,0,0,0
209,927,0.05,0.05,0.0,0.0,9.5,13.0,3.0,2.0,353.0,385.0,0.0,0.0,61.0,20.0,5.0,5.0,1.0,2.0,1.0,2.0,1.0,1.0,7.8,8.0,0,0,0
210,1155,0.09666666666666665,0.07666666666666666,0.0,0.0,10.0,12.0,3.0,3.0,432.0,673.0,0.0,0.0,20.0,23.0,7.5,7.5,1.0,1.5,1.0,1.5,0.5,0.5,7.36,8.04,0,0,0
211,508,0.1433333333333333,0.10333333333333333,0.0,0.0,0.0,0.0,0.0,0.0,427.0,441.0,0.0,0.0,25.0,20.0,10.0,10.0,1.0,1.0,1.0,1.0,1.0,1.0,7.5,7.5,0,0,0
212,703,0.19,0.13,0.0,0.0,279.0,26.0,7.0,6.0,622.0,626.0,0.0,0.0,80.0,120.0,33.8,29.0,4.0,2.0,4.0,2.0,1.1,1.0,7.4,7.3,0,0,0
213,1413,0.15,0.18,0.0,0.0,10.0,8.0,2.0,3.0,534.0,623.0,0.0,0.0,20.0,130.0,153.0,37.0,1.0,2.0,1.0,2.0,1.0,0.5,7.4,7.51,1,0,0
214,1031,0.21,0.23,0.0,0.0,11.0,18.0,11.0,11.3,166.0,149.0,0.0,0.0,140.0,131.0,16.0,17.0,4.0,2.0,4.0,2.0,1.0,2.2,8.0,8.2,0,0,0
215,335,0.05,0.05,0.0,0.0,0.0,0.0,0.0,0.0,551.0,540.0,0.0,0.0,29.0,64.0,11.0,10.0,1.0,1.0,1.0,1.0,1.0,1.0,7.5,7.2,0,0,0
216,384,0.05,0.05,0.0,0.0,0.0,9.0,0.0,0.0,800.0,796.0,0.0,0.0,35.0,52.0,10.0,10.0,1.0,1.0,1.0,1.0,1.0,1.0,7.8,7.8,0,0,0
217,326,0.09,0.05,0.0,0.0,0.0,0.0,0.0,0.0,475.0,582.0,0.0,0.0,35.0,20.0,13.333333333333332,17.333333333333332,1.0,1.0,1.0,1.0,1.0,1.0,7.2,7.3,0,0,0
218,342,0.05,0.05,0.0,0.0,0.0,4.0,0.0,0.0,462.0,457.0,0.0,0.0,20.0,20.0,16.666666666666664,24.666666666666664,1.0,1.0,1.0,1.0,1.0,1.0,7.5,7.5,0,0,0
219,199,0.05,0.05,0.0,0.0,96.0,0.0,0.0,0.0,420.0,493.0,0.0,0.0,80.0,34.0,20.0,32.0,1.0,1.0,1.0,1.0,1.0,1.0,7.3,7.2,0,0,1
220,282,0.05,0.065,100.0,0.0,102.0,0.0,0.0,0.0,633.0,660.0,0.0,0.0,59.99999999999999,255.5,10.0,10.0,1.0,1.0,1.0,1.0,1.0,1.0,7.2,7.2,1,0,0
221,1135,0.05,0.08,0.0,0.0,51.0,67.0,0.0,15.0,510.5,559.0,0.0,0.0,40.0,477.0,12.0,30.0,1.0,1.0,1.0,1.0,1.0,2.65,7.4,7.41,0,1,1
222,1939,0.05,0.11333333333333333,0.0,0.0,0.0,0.0,0.0,0.0,388.0,347.0,0.0,0.0,20.0,608.0,14.0,29.75,1.0,1.0,1.0,1.0,1.0,6.4,7.6,7.5,0,1,0
223,1322,0.08499999999999999,0.14666666666666667,0.0,0.0,4.0,43.0,3.0,3.0,919.0,916.0,0.0,0.0,20.0,21.0,16.0,29.5,3.5,1.5,3.5,1.5,0.5,0.5,7.62,7.49,0,0,0
224,1109,0.12,0.18,0.0,0.0,185.0,0.0,5.0,15.0,291.0,259.0,0.0,0.0,280.0,340.0,18.0,29.25,6.0,2.0,6.0,2.0,1.0,1.4,7.8,8.1,1,1,1
225,723,0.23,0.09,0.0,0.0,52.0,300.0,3.0,3.0,739.0,716.0,0.0,0.0,130.0,80.0,29.0,29.0,4.0,1.0,4.0,3.0,0.6,0.5,7.73,7.66,0,0,0
226,940,0.4175,0.21,0.0,0.0,0.0,0.0,3.0,4.0,381.0,379.0,0.0,0.0,135.0,200.0,19.5,136.8,2.0,4.0,2.0,4.0,1.0,1.0,7.8,8.0,0,1,1
227,503,0.605,0.05,0.0,0.0,0.0,0.0,0.0,0.0,402.0,405.0,0.0,0.0,20.0,20.0,10.0,10.0,1.0,1.0,1.0,1.0,1.0,1.1,7.5,7.5,0,0,0
228,1736,0.7925,0.08,0.0,0.0,4.0,3.0,0.0,8.6,534.0,669.0,0.0,0.0,36.0,49.8,10.5,30.0,1.0,3.0,1.0,1.5,1.7,0.5,7.2,7.33,0,0,0
229,1100,0.98,1.2,0.0,0.0,300.0,300.0,10.0,13.0,875.0,806.0,0.0,0.0,52.0,40.0,11.0,5.0,4.0,2.0,4.0,2.0,1.0,1.0,7.6,7.9,1,1,0
230,322,0.05,0.05,0.0,0.0,0.0,46.0,0.0,0.0,395.0,354.0,0.0,0.0,20.0,20.0,10.0,175.0,1.0,1.0,2.5,1.5,1.0,1.0,7.5,7.3,0,1,1
231,187,0.05,0.05,0.0,0.0,4.0,0.0,0.0,0.0,348.0,498.0,0.0,0.0,20.0,20.0,10.0,10.0,1.0,1.0,1.0,1.0,1.0,1.0,7.4,7.6,0,0,0
232,1154,0.05,0.05,0.0,0.0,4.0,10.0,3.0,3.0,342.0,324.0,0.0,0.0,36.45,47.0,20.0,20.0,1.0,1.0,1.0,1.0,0.5,0.5,7.66,7.94,0,0,0
233,165,0.08,0.08,0.0,0.0,4.0,4.0,7.0,7.8,1167.0,1170.0,0.0,0.0,52.9,74.0,30.0,30.0,1.0,1.0,1.0,1.0,1.52,0.5,7.84,7.91,1,0,0
234,545,0.13666666666666666,0.05,0.0,0.0,6.0,16.0,0.0,0.0,582.0,390.0,0.0,0.0,42.0,20.0,10.0,10.0,1.0,1.0,1.0,1.0,1.0,1.0,7.6,7.5,0,0,0
235,1524,0.19333333333333333,0.06333333333333332,0.0,0.0,0.0,0.0,0.0,0.0,278.0,313.0,0.0,0.0,36.0,20.0,20.0,90.0,1.0,1.0,1.0,1.0,1.0,1.0,7.4,7.3,0,1,1
236,2209,0.25,0.07666666666666666,0.0,0.0,300.0,300.0,7.0,4.0,626.0,821.0,0.0,0.0,2685.0,100.0,360.0,20.0,2.0,1.3333333333333333,1.0,1.3333333333333333,19.0,0.5,7.0,6.99,1,0,1
237,587,0.21,0.09,0.0,0.0,152.0,3.0,5.0,5.5,656.0,421.0,0.0,0.0,79.0,141.0,26.0,26.0,1.5,1.6666666666666665,1.0,1.6666666666666665,0.2,0.7,7.5,7.9,0,0,0
238,827,0.05,0.115,0.0,0.0,4.0,142.0,3.0,7.0,488.0,465.0,0.0,0.0,38.0,144.0,5.0,32.0,1.0,2.0,1.0,2.0,1.0,1.0,7.8,8.2,0,1,0
239,923,0.13,0.14,0.0,0.0,35.0,92.5,4.0,2.0,467.0,495.0,0.0,0.0,54.0,20.0,15.7,5.0,1.0,2.0,1.0,2.0,1.0,1.0,7.8,8.1,0,0,0
240,298,0.05,0.095,0.0,0.0,12.0,43.0,0.0,0.0,463.0,459.0,0.0,0.0,20.0,20.0,10.0,10.0,1.0,1.0,1.0,1.0,1.0,1.0,7.4,7.4,0,0,0
241,494,0.05,0.05,0.0,0.0,6.0,0.0,0.0,0.0,477.0,481.0,0.0,0.0,24.0,20.0,12.0,10.0,1.0,1.0,1.0,1.2000000000000002,0.2,0.9,7.6,7.7,0,0,0
242,1669,0.05,0.05,0.0,0.0,0.0,0.0,0.0,0.0,563.0,497.0,0.0,0.0,44.0,20.0,14.0,10.0,1.0,1.0,1.0,1.4000000000000001,1.0,1.0,7.3,7.1,0,0,1
243,726,0.17,0.5,0.0,0.0,300.0,27.0,3.0,3.0,707.0,635.0,0.0,0.0,200.0,170.0,20.0,20.0,1.0,1.3333333333333333,1.0,1.6,1.0,0.5,7.85,7.73,1,0,1
245,1249,0.73,0.05,0.0,0.0,300.0,300.0,6.0,4.0,875.0,962.0,0.0,0.0,20.0,42.0,310.0,796.7,1.0,2.0,1.0,2.0,1.0,1.0,7.5,7.7,1,1,1
246,926,0.05,0.05,0.0,0.0,150.0,180.5,3.0,2.0,450.0,503.0,0.0,0.0,51.0,28.3,5.0,2.0,2.0,2.0,2.0,2.0,1.0,1.0,7.8,8.1,0,0,0
247,445,0.05,1.1333333333333333,0.0,0.0,0.0,61.0,0.0,0.0,354.0,466.0,0.0,0.0,20.0,20.0,10.0,10.0,1.0,1.0,1.0,1.0,1.0,1.0,7.9,7.5,0,0,0
248,1223,0.05,2.2166666666666663,0.0,0.0,130.0,0.0,0.0,0.0,553.0,567.0,0.0,0.0,162.0,20.0,10.0,6.0,1.0,1.0,1.0,1.0,1.0,1.0,7.3,7.4,0,0,0
249,731,3.5,3.3,0.0,22.0,28.0,300.0,14.0,15.0,646.0,697.0,0.0,0.0,64.0,170.0,10.0,2.0,8.0,4.0,8.0,4.0,1.3,1.0,7.6,7.9,1,1,1
250,885,0.05,0.11,0.0,44.0,6.0,50.0,0.0,0.0,634.0,655.0,0.0,0.0,44.0,53.0,10.0,20.0,1.0,1.0,1.0,1.0,1.0,1.2,7.7,7.7,0,1,1
251,1490,0.05,0.05,0.0,22.0,91.0,25.0,18.0,19.0,2080.0,1693.0,0.0,0.0,65.0,36.5,9.0,22.5,2.0,2.0,2.0,2.0,1.0,1.0,7.0,7.1,1,1,0
252,510,0.065,0.275,0.0,0.0,6.0,0.0,0.0,0.0,452.0,455.0,0.0,0.0,24.0,20.0,10.0,25.0,1.0,1.0,1.0,1.0,1.0,1.0,7.2,7.8,0,0,0
253,1714,0.08,0.5,0.0,0.0,33.0,0.0,6.3,3.0,569.0,503.0,0.0,0.0,40.0,199.0,30.0,15.0,1.0,1.5,1.0,1.5,0.92,1.0,7.24,7.56,0,0,0
254,1375,0.08,0.29,2.5,0.0,16.0,20.0,5.0,6.0,604.0,627.0,2.0,0.0,22.0,20.0,2.4,5.0,2.0,2.0,2.0,2.0,1.0,1.0,7.6,7.9,0,0,0
255,1767,0.08,0.08,5.0,0.0,4.0,20.5,8.8,8.5,794.0,788.0,4.0,0.0,96.0,75.0,18.7,4.25,1.0,1.0,1.0,1.0,0.5,0.5,7.45,7.5,1,0,0
256,921,0.1,0.06999999999999999,0.0,0.0,86.0,21.0,5.9,6.25,658.0,669.0,0.0,0.0,170.0,130.0,35.0,3.5,1.0,1.0,1.0,1.0,0.28,0.18,7.5,8.2,0,0,0
257,1411,0.07500000000000001,0.06,0.0,0.0,11.0,5.0,3.0,4.0,708.0,712.0,0.0,0.0,600.0,18.0,20.0,2.75,2.5,2.5,2.5,2.5,0.6,0.5,7.4,7.4,1,0,0
258,300,0.05,0.05,0.0,0.0,13.0,28.0,5.0,5.0,715.0,669.0,0.0,0.0,28.0,80.0,5.0,2.0,4.0,4.0,4.0,4.0,1.0,3.1,7.4,7.6,0,1,0
259,292,0.05,0.05,0.0,0.0,0.0,6.0,0.0,0.0,395.0,473.0,0.0,0.0,20.0,29.0,10.0,7.666666666666666,1.0,1.0,1.0,1.0,1.0,1.0,7.4,7.5,0,0,0
260,294,0.05,0.05,0.0,0.0,0.0,0.0,1.0,0.0,528.0,492.0,0.0,0.0,20.0,20.0,7.0,13.333333333333332,1.5,1.0,1.5,1.0,1.0,1.0,7.0,7.4,0,0,0
261,1352,0.05,0.24,0.0,0.0,1.3333333333333333,7.0,2.0,2.0,156.0,446.0,0.0,0.0,17.0,165.0,4.0,19.0,2.0,4.0,2.0,4.0,1.0,1.0,7.5,7.9,0,0,0
262,1171,0.05,0.05,0.0,0.0,2.6666666666666665,14.0,12.0,15.0,486.0,473.0,0.0,0.0,28.0,25.0,5.0,5.0,2.0,2.0,2.0,2.0,1.0,1.0,7.4,7.7,0,0,0
263,519,0.13,0.14,0.0,0.0,4.0,0.0,0.0,0.0,399.0,276.0,0.0,0.0,730.0,20.0,360.0,10.0,1.0,1.0,1.0,1.0,6.3,1.0,7.4,7.3,1,0,0
264,819,0.21,0.23,0.0,0.0,4.0,227.0,8.0,9.0,602.0,634.0,0.0,0.0,180.0,155.0,16.7,17.2,2.0,4.0,2.0,4.0,1.4,1.1,7.4,7.7,0,0,0
265,438,0.05,0.16999999999999998,0.0,0.0,4.0,0.0,0.0,0.0,588.0,596.0,0.0,0.0,56.0,20.0,10.0,15.0,1.0,1.0,1.0,1.0,1.0,1.0,7.4,7.4,0,0,0
266,1395,0.05,0.10999999999999999,0.0,0.0,0.0,0.0,0.0,0.0,412.0,413.0,0.0,0.0,20.0,20.0,10.0,10.0,1.0,1.0,1.0,1.0,1.0,1.0,7.3,7.3,0,0,0
267,1316,0.05,0.05,0.0,0.0,86.0,3.0,7.9,2.9,628.0,692.0,0.0,0.0,186.0,106.0,10.0,2.0,1.0,1.0,1.0,1.0,1.0,1.0,7.7,8.47,0,1,0
268,312,0.05,0.05,7.0,0.0,4.0,0.0,0.0,0.0,605.0,737.0,0.0,0.0,21.0,20.0,10.0,11.433333333333334,1.0,1.0,1.0,1.0,1.0,1.0,7.4,7.2,1,0,0
269,1291,0.08,0.08,4.0,0.0,4.0,0.0,5.1,8.0,548.0,548.0,0.0,0.0,27.333333333333332,19.0,7.333333333333333,20.866666666666667,1.0,1.0,1.0,1.0,0.68,0.5,7.25,8.01,1,0,0
270,880,0.144,0.28,2.0,0.0,0.0,0.0,6.4,2.0,458.5,491.0,0.0,0.0,33.666666666666664,18.0,4.666666666666666,30.3,1.0,2.0,1.0,2.0,0.7450000000000001,1.0,7.375,7.8,0,0,0
271,421,0.208,0.177,0.0,0.0,0.0,49.0,7.7,13.3,369.0,386.0,0.0,0.0,40.0,128.0,2.0,30.0,1.0,2.0,1.0,1.5,0.81,1.05,7.5,7.54,0,0,0
272,670,0.15,0.11,0.0,0.0,0.0,3.0,10.8,7.7,872.0,885.0,0.0,0.0,549.0,531.0,53.0,81.3,1.0,1.0,1.0,1.0,1.62,2.35,8.08,8.18,1,1,0
273,348,0.05,0.354,0.0,0.0,4.0,57.0,10.0,12.0,635.0,640.0,0.0,0.0,130.0,192.0,6.0,26.0,1.0,1.0,1.0,1.0,1.4,1.9,7.5,8.13,0,0,0
274,290,0.05,0.05,0.0,0.0,0.0,5.0,0.0,0.0,525.0,581.0,0.0,0.0,44.0,88.0,16.5,15.5,1.0,1.0,1.0,1.0,1.0,1.0,7.6,7.6,0,0,0
275,2301,0.05,0.05,0.0,0.0,300.0,32.0,3.0,4.0,591.0,650.0,0.0,0.0,40.0,99.0,27.0,5.0,2.0,2.0,2.0,2.0,1.0,1.0,7.6,8.0,0,0,0
276,416,0.05,0.05,0.0,0.0,0.0,22.0,0.0,0.0,416.0,357.0,0.0,0.0,197.0,640.0,10.0,10.0,1.0,1.0,3.0,1.0,2.0,8.3,7.2,7.5,0,1,0
277,1240,0.37,0.13,0.0,0.0,142.0,300.0,10.0,14.0,217.0,228.0,0.0,0.0,79.0,120.0,5.0,5.0,4.0,8.0,4.0,8.0,1.0,1.0,7.9,7.6,0,0,0
278,267,0.2633333333333333,0.09,0.0,0.0,0.0,12.0,0.0,0.0,239.0,267.0,0.0,0.0,20.0,26.0,11.0,10.0,1.0,1.0,1.0,1.0,1.0,1.0,7.7,7.4,0,0,0
279,392,0.15666666666666665,0.05,0.0,4.0,4.0,0.0,0.0,0.0,346.0,315.0,0.0,0.0,20.0,20.0,10.0,10.0,1.0,1.0,1.0,1.0,1.0,1.0,7.5,7.4,0,1,0
280,457,0.05,0.12,0.0,70.0,12.999999999999998,4.0,0.0,0.0,588.0,599.0,0.0,0.0,902.0,513.0,48.0,25.0,1.0,1.0,1.0,1.0,5.5,4.2,8.1,7.5,1,1,0
281,892,0.05,0.05,0.0,0.0,21.999999999999996,152.0,0.0,0.0,493.0,487.0,0.0,0.0,39.0,29.0,20.0,20.0,1.0,1.0,1.0,1.0,0.5,0.2,7.7,7.6,0,0,0
282,1378,0.14,0.24,0.0,0.0,31.0,300.0,0.0,0.0,354.0,462.0,0.0,0.0,135.0,43.0,18.0,16.0,1.0,1.0,1.0,1.0,1.6,1.0,7.7,7.5,0,0,0
283,359,0.05,0.205,0.0,0.0,0.0,15.0,0.0,0.0,194.0,448.0,0.0,0.0,20.0,100.0,10.0,23.0,1.0,1.0,1.0,1.0,1.0,0.18,7.6,7.7,0,0,0
284,609,0.08,0.16999999999999998,0.0,0.0,0.0,51.0,0.0,0.0,457.0,573.0,0.0,0.0,22.0,20.0,10.0,30.0,1.0,1.0,1.0,1.0,1.0,1.0,7.4,7.3,0,0,0
285,595,0.11,0.135,0.0,0.0,0.0,0.0,0.0,0.0,602.0,530.0,0.0,0.0,33.0,20.0,20.0,30.0,1.0,1.0,1.0,1.0,1.0,1.0,7.3,7.2,0,0,0
286,752,0.08,0.1,0.0,0.0,136.0,87.0,9.1,10.2,1012.0,1018.0,0.0,0.0,172.0,198.4,30.0,30.0,1.0,1.0,1.0,1.0,1.46,1.73,8.03,8.13,0,0,0
287,182,0.21,0.21,0.0,0.0,136.0,89.0,11.6,10.6,700.0,757.0,0.0,0.0,60.4,59.2,66.2,30.0,3.0,5.0,3.0,5.0,1.27,1.89,7.92,7.8,1,0,0
288,1224,0.05,0.13,0.0,0.0,14.0,6.0,0.0,0.0,588.0,591.0,0.0,0.0,20.0,75.1,38.1,23.333333333333332,1.0,1.0,1.0,1.0,1.0,1.0,7.4,7.4,0,0,0
289,461,0.05,0.05,0.0,0.0,0.0,4.0,0.0,0.0,562.0,573.0,0.0,0.0,26.0,91.0,10.0,16.666666666666664,1.0,1.0,1.0,1.0,1.0,1.0,7.3,7.2,0,0,0
290,533,0.05,0.05,0.0,0.0,0.0,4.0,0.0,0.0,536.0,549.0,0.0,0.0,234.0,65.0,13.0,10.0,1.0,1.0,1.0,1.0,2.6,1.0,7.0,7.0,1,0,0
291,1194,0.05,0.05,0.0,0.0,0.0,41.0,13.0,5.0,676.0,664.0,0.0,0.0,1170.0,20.0,11.0,20.0,4.0,2.0,4.0,2.0,4.6,1.0,7.6,7.7,1,0,0
292,260,0.05,0.05,0.0,0.0,0.0,0.0,0.0,0.0,328.0,477.0,0.0,0.0,54.0,20.0,9.0,30.0,1.0,1.0,1.0,1.0,1.0,1.0,7.4,7.4,0,0,0
293,1792,0.1,0.08,0.0,0.0,80.0,0.0,1.0,8.8,972.0,791.0,0.0,0.0,36.0,24.5,7.0,40.0,1.5,1.0,1.5,1.0,0.5,0.95,7.9,7.12,0,0,0
294,845,0.07500000000000001,0.05,0.0,0.0,45.5,9.0,2.0,5.0,319.0,350.0,0.0,0.0,18.0,29.0,5.0,50.0,2.0,4.0,2.0,4.0,1.0,1.0,7.6,8.1,0,1,0
295,370,0.05,0.05,0.0,0.0,11.0,0.0,0.0,0.0,673.0,652.0,0.0,0.0,20.0,22.0,31.6,44.0,1.0,1.0,1.0,1.0,1.0,1.0,7.4,7.3,0,0,0
296,1595,0.57,0.28500000000000003,0.0,0.0,57.0,49.0,12.0,14.0,651.0,799.0,0.0,0.0,6600.0,10.0,58.2,38.0,2.0,2.5,1.0,1.0,50.0,0.5,6.9,7.29,1,0,0
297,1774,0.31,0.52,0.0,0.0,9.0,4.0,3.0,4.0,881.0,736.0,0.0,0.0,19.0,200.0,5.0,50.0,1.0,4.0,1.0,1.0,1.0,1.0,7.6,8.1,0,1,1
298,1132,0.05,0.05,0.0,0.0,6.5,4.0,4.65,5.3,354.0,391.0,0.0,0.0,32.0,58.0,21.1,35.3,1.0,2.5,1.0,1.0,1.0,0.985,7.8,7.92,0,0,0
299,1784,0.08,0.08,0.0,0.0,4.0,2.0,6.3,6.6,635.0,615.0,0.0,0.0,40.0,39.0,30.0,23.15,1.0,1.0,1.0,1.0,1.0,0.97,7.28,7.56,0,0,0
300,1585,0.05,0.05,0.0,0.0,0.0,0.0,0.0,0.0,416.0,603.0,0.0,0.0,20.0,20.0,10.0,11.0,1.0,1.0,1.0,1.0,1.0,1.0,7.1,7.2,0,0,0
301,1770,0.19,0.17,0.0,0.0,1.3333333333333333,8.666666666666666,15.0,12.4,155.0,180.4,0.0,0.0,72.0,544.0,34.33333333333333,30.0,1.0,1.0,1.0,1.0,0.68,1.2,7.72,7.78,0,1,1
302,1000,0.05,0.08,0.0,0.0,2.6666666666666665,17.333333333333332,7.5,7.4,472.0,557.0,0.0,0.0,124.0,327.5,58.666666666666664,36.0,1.0,1.0,1.0,1.0,0.8400000000000001,0.73,7.45,7.39,0,0,0
303,644,0.19,0.135,0.0,0.0,4.0,26.0,0.0,0.0,439.0,429.0,0.0,0.0,27.0,111.0,83.0,42.0,1.0,1.0,1.0,1.0,1.0,1.3,7.3,7.4,1,0,0
304,302,0.33,0.19,0.0,0.0,300.0,60.0,4.0,2.0,657.0,644.0,0.0,0.0,24.0,19.0,20.0,2.0,2.0,2.0,2.0,2.0,1.0,1.0,7.9,8.0,0,0,0
305,2108,0.05,0.05,0.0,0.0,300.0,6.0,0.0,0.0,367.0,441.0,0.0,0.0,50.0,20.0,12.0,10.0,1.0,1.0,1.0,1.0,2.0,1.0,7.6,7.6,0,0,0
306,1323,0.05,0.05,0.0,0.0,3.0,3.0,6.0,3.0,1022.0,1013.0,0.0,0.0,20.0,31.0,11.0,10.0,1.0,1.0,1.0,1.0,0.5,0.5,7.3,7.28,0,0,0
307,210,0.05,0.05,0.0,0.0,0.0,4.0,0.0,0.0,343.0,504.0,0.0,0.0,20.0,20.0,10.0,10.0,1.0,1.0,1.0,1.0,1.0,1.0,7.4,7.2,0,0,0
308,1820,0.38,0.34,0.0,0.0,3.5,3.5,11.2,13.9,348.0,349.0,0.0,0.0,20.0,20.0,10.0,10.0,1.0,1.0,1.0,1.0,0.5,0.5,7.78,7.84,0,0,0
309,652,0.215,0.195,0.0,0.0,7.0,3.0,5.8,5.9,907.0,962.0,0.0,0.0,20.0,20.0,10.0,10.0,1.0,1.0,1.0,1.0,2.97,2.5,7.45,7.44,0,0,0
310,338,0.05,0.05,0.0,0.0,0.0,88.0,0.0,0.0,561.0,555.0,0.0,0.0,20.0,20.0,10.0,10.0,1.0,1.0,1.0,1.0,1.0,1.0,7.3,7.3,0,0,0
311,1044,0.05,0.05,0.0,0.0,7.0,173.0,2.0,2.0,735.0,807.0,0.0,0.0,59.0,37.0,5.0,28.0,1.0,2.0,1.0,2.0,1.4,2.4,7.8,8.0,0,1,0
312,358,0.05,0.05,0.0,0.0,7.0,6.0,0.0,1.0,269.0,392.0,0.0,0.0,46.0,80.0,7.5,19.0,1.0,1.0,1.0,1.0,1.0,0.18,7.4,7.5,0,0,0
313,505,0.05,0.05,0.0,0.0,10.0,0.0,0.0,0.0,332.0,325.0,0.0,0.0,33.0,21.0,10.0,10.0,1.0,1.0,1.0,1.0,1.0,1.0,7.6,7.7,0,0,0
314,318,0.05,0.05,0.0,0.0,0.0,0.0,0.0,0.0,516.0,620.0,0.0,0.0,20.0,20.0,10.0,10.0,1.0,1.0,1.0,1.0,1.0,1.0,7.3,7.2,0,0,0
315,514,0.21,0.225,0.0,0.0,0.0,33.0,0.0,0.0,395.0,301.0,0.0,0.0,20.0,20.0,10.0,10.0,1.0,1.0,1.0,1.0,1.0,1.0,7.5,7.3,0,0,0
316,278,0.37,0.4,0.0,0.0,7.0,3.0,5.05,0.0,920.0,866.0,0.0,0.0,132.0,41.0,8.6,18.0,1.0,1.0,1.0,1.0,0.5,1.0,7.9,7.9,0,0,0
317,698,0.08,0.245,0.0,0.0,6.0,0.0,10.1,9.1,667.0,654.0,0.0,0.0,322.5,69.4,19.3,35.05,1.0,1.0,1.0,1.0,0.7,0.5,7.23,7.15,0,0,0
318,622,0.08,0.09,0.0,0.0,0.0,84.0,15.0,7.0,961.0,942.0,0.0,0.0,513.0,97.8,30.0,52.1,4.0,8.0,4.0,5.0,2.08,0.76,7.92,7.86,1,0,0
319,1092,0.05,0.08399999999999999,0.0,0.0,60.0,168.0,4.0,5.0,570.0,551.0,0.0,0.0,22.0,59.9,5.5,36.55,2.0,4.0,2.0,4.0,1.0,1.0,7.9,8.1,1,0,1
320,563,0.06,0.07800000000000001,0.0,0.0,30.0,12.0,5.0,0.0,576.0,580.0,0.0,0.0,703.0,22.0,210.0,21.0,1.0,1.0,1.0,1.0,5.0,1.0,7.3,7.4,1,0,1
321,216,0.155,0.07200000000000001,0.0,0.0,0.0,54.0,0.0,0.0,509.0,495.0,0.0,0.0,84.0,64.0,10.0,62.0,1.0,1.0,1.0,1.0,1.0,1.0,6.8,7.4,0,1,0
323,173,0.09,0.06,0.0,0.0,0.0,7.0,0.0,0.0,434.0,412.0,0.0,0.0,99.0,86.0,10.0,10.0,1.0,1.0,1.0,1.0,1.6,2.0,7.7,7.5,0,0,0
324,511,0.07,0.205,0.0,0.0,0.0,0.0,0.0,0.0,337.0,325.0,0.0,0.0,20.0,20.0,10.0,169.0,1.0,1.0,1.0,1.0,1.0,1.0,7.4,7.4,0,1,1
325,467,0.05,0.35,0.0,0.0,6.0,46.0,0.0,5.0,458.0,607.0,0.0,0.0,67.0,290.0,10.0,139.20000000000002,1.0,1.0,1.0,1.0,0.7,3.1,7.8,7.8,0,1,0
326,594,0.095,0.265,0.0,0.0,0.0,0.0,0.0,0.0,475.0,497.0,0.0,0.0,53.0,20.0,10.0,109.40000000000002,1.0,1.0,1.0,1.0,1.0,1.0,7.3,7.2,0,0,0
327,732,0.14,0.18,0.0,0.0,0.0,0.0,3.0,4.0,514.0,518.0,0.0,0.0,120.0,470.0,10.0,79.60000000000001,2.0,2.0,1.0,2.0,1.0,1.0,7.3,7.4,0,1,1
329,1353,0.12,0.09,0.0,0.0,207.0,53.0,4.0,5.0,866.0,950.0,0.0,0.0,60.0,180.0,20.0,20.0,2.0,4.0,2.0,4.0,2.5,1.74,7.9,7.8,1,0,1
330,592,0.05,0.06,0.0,0.0,107.0,9.0,12.0,5.0,421.0,424.0,0.0,0.0,37.0,61.0,30.0,18.0,1.75,3.25,1.75,3.25,0.2,0.2,8.2,7.7,0,0,0
331,394,0.36,0.314,0.0,0.0,7.0,54.0,20.0,5.0,1610.0,1603.0,0.0,0.0,43.0,20.0,40.0,16.0,1.5,2.5,1.5,2.5,0.5,0.5,8.3,8.3,0,0,0
332,1713,0.05,0.5,0.0,0.0,5.999999999999999,0.0,10.0,2.5,477.0,535.0,0.0,0.0,75.0,116.0,25.0,13.0,1.25,1.75,1.25,1.75,0.75,0.75,7.57,8.06,0,0,0
333,498,0.05,0.05,0.0,0.0,5.0,0.0,0.0,0.0,288.0,278.0,0.0,0.0,86.0,20.0,10.0,10.0,1.0,1.0,1.0,1.0,1.0,1.0,7.2,7.5,0,0,1
334,965,0.05,0.08,1.0,0.0,4.0,0.0,1.5,6.0,417.0,468.0,0.0,0.0,215.5,27.0,8.333333333333332,8.75,1.5,1.0,1.5,1.0,3.8,0.5,8.13,7.82,1,0,0
335,1293,0.05,0.06,0.75,0.0,25.0,0.0,3.0,2.0,442.0,454.0,0.0,0.0,345.0,34.0,6.666666666666666,7.5,2.0,4.0,2.0,4.0,6.6,1.0,7.7,7.9,1,0,0
336,735,0.05,0.055,0.5,0.0,0.0,0.0,3.0,3.2,694.0,708.0,0.0,0.0,29.0,170.0,5.0,6.25,2.0,6.0,2.0,6.0,1.0,0.66,7.3,7.7,0,0,0
337,991,0.05,0.05,0.25,0.0,300.0,6.0,3.0,3.0,450.0,424.0,0.0,0.0,31.0,73.0,7.0,5.0,2.0,8.0,2.0,8.0,1.0,1.0,7.1,7.4,0,0,0
338,992,0.05,0.20666666666666667,0.0,0.0,12.0,0.0,0.0,0.0,493.0,515.0,0.0,0.0,114.0,82.0,10.5,7.5,1.0,1.0,1.0,1.0,1.4,1.0,7.3,7.6,0,0,0
339,235,0.05,0.36333333333333334,0.0,0.0,0.0,0.0,0.0,0.0,339.0,462.0,0.0,0.0,26.0,20.0,14.0,10.0,1.0,1.0,1.0,1.0,1.0,1.0,7.6,7.6,0,0,0
340,1593,0.05,0.52,0.0,0.0,41.0,300.0,6.0,10.0,785.0,703.0,0.0,0.0,132.33333333333334,300.0,13.666666666666666,1270.0,2.0,2.0,2.0,1.5,1.0,1.0,7.3,7.3,0,1,0
341,1292,0.05,0.05,0.0,0.0,31.0,11.0,3.0,3.0,518.0,508.0,0.0,0.0,238.66666666666666,210.0,13.333333333333332,640.0,1.0,2.0,1.0,2.0,1.0,1.0,7.3,7.6,0,0,1
342,738,0.05,0.05,0.0,0.0,59.5,83.0,7.0,7.0,632.0,543.0,0.0,0.0,345.0,120.0,13.0,10.0,2.0,2.0,2.0,1.75,2.1,1.0,7.2,7.2,1,1,0
345,523,0.05,0.060000000000000005,0.0,0.0,0.0,88.0,5.0,0.0,399.0,371.0,0.0,0.0,20.0,20.0,12.0,13.0,1.0,1.0,1.0,1.0,1.0,1.0,7.2,7.3,0,0,0
346,1693,0.05,0.05,17.0,0.0,2.0,49.0,0.0,25.0,413.0,439.0,0.0,0.0,171.0,76.0,9.0,34.0,1.0,4.0,1.0,4.0,1.9,1.0,7.9,8.0,1,0,1
347,874,0.33,0.28,8.5,0.0,4.0,10.0,4.0,5.0,942.0,930.0,0.0,0.0,87.0,430.0,6.0,67.4,2.0,2.0,2.0,2.0,1.0,1.0,7.8,7.9,0,1,0
348,602,0.19,0.05,0.0,0.0,2.0,7.0,3.0,10.0,605.0,610.0,0.0,0.0,20.0,80.0,6.5,34.7,2.0,3.0,2.0,3.0,0.2,0.2,7.7,7.7,0,0,0
349,1213,0.05,0.05,0.0,0.0,20.0,300.0,2.0,15.0,612.0,590.0,0.0,0.0,55.0,100.0,7.0,2.0,2.0,4.0,2.0,4.0,1.0,1.0,7.9,7.9,0,0,0
350,369,0.05,0.12333333333333332,0.0,0.0,0.0,8.0,0.0,0.0,387.0,170.0,0.0,0.0,20.0,301.0,110.0,29.0,1.0,1.0,1.0,1.0,1.0,3.5,7.5,7.4,1,1,1
351,1067,0.05,0.19666666666666666,0.0,0.0,0.0,4.0,0.5,0.0,408.5,588.0,0.0,0.0,34.0,572.0,2.0,30.0,2.5,1.0,1.0,1.0,1.0,18.0,7.7,7.45,0,0,0
352,1360,0.05,0.27,0.0,0.0,0.0,0.0,1.0,0.0,430.0,321.0,0.0,0.0,58.0,843.0,10.0,31.0,4.0,1.0,1.0,1.0,1.0,3.6,7.9,7.3,0,1,1
353,1821,0.05,0.05,0.0,0.0,0.0,36.0,0.0,0.0,636.0,682.0,0.0,0.0,20.0,33.0,10.0,30.75,1.0,1.0,1.0,1.0,1.0,1.0,7.5,7.3,0,0,0
354,1672,0.05,0.05,0.0,0.0,0.0,0.0,0.0,0.0,33.0,587.0,0.0,0.0,20.0,26.5,10.0,30.5,1.0,1.0,1.0,1.0,1.0,1.0,7.5,7.6,0,0,0
355,175,0.05,0.05,0.0,0.0,0.0,0.0,0.0,0.0,400.0,384.0,0.0,0.0,23.0,20.0,20.0,30.25,1.0,1.0,1.0,1.0,1.0,1.0,7.9,7.6,0,0,0
356,747,0.08,0.08,0.0,0.0,14.0,300.0,10.5,13.1,633.0,966.0,0.0,0.0,161.0,57.5,30.0,30.0,4.0,2.0,4.0,2.0,1.08,1.43,8.11,8.26,0,0,0
357,236,0.06999999999999999,0.11000000000000001,0.0,0.0,0.0,0.0,0.0,0.0,324.0,475.0,0.0,0.0,20.0,20.0,10.0,21.0,1.0,1.0,1.0,1.0,1.0,1.0,7.6,7.6,0,0,0
358,710,0.06,0.14,0.0,0.0,1.0,1.0,6.0,5.0,496.0,507.0,0.0,0.0,94.0,53.0,10.0,10.7,1.0,1.0,1.0,1.0,0.6,0.5,7.45,7.46,0,0,0
359,308,0.05,0.05,0.0,0.0,0.0,0.0,0.0,0.0,364.0,541.0,0.0,0.0,57.0,20.0,10.0,10.0,1.0,1.0,1.0,1.0,1.0,1.0,7.5,7.4,0,0,0
360,537,0.05,0.05,0.0,0.0,30.0,19.0,0.0,0.0,291.0,454.0,0.0,0.0,20.0,20.0,10.0,10.0,1.3333333333333333,1.0,1.0,1.0,1.0,1.0,7.7,7.5,0,0,0
361,582,0.05,0.05,0.0,0.0,18.5,14.0,0.0,5.0,207.0,252.0,0.0,0.0,25.0,20.0,10.0,18.666666666666664,1.6666666666666665,1.0,1.0,1.0,0.2,0.2,7.8,7.9,0,0,0
362,1315,0.73,0.095,0.0,0.0,7.0,92.0,0.0,10.0,871.0,855.0,0.0,0.0,20.0,20.0,10.0,27.333333333333332,2.0,1.0,1.0,1.0,1.0,1.0,6.7,7.1,1,0,0
363,1307,0.15,0.14,77.0,0.0,54.0,60.0,0.0,0.0,706.0,720.0,4.0,0.0,200.0,197.0,10.0,36.0,1.0,1.0,1.0,1.0,3.7,3.4,7.5,8.0,1,0,0
364,330,0.05,0.05,0.0,0.0,300.0,0.0,0.0,0.0,463.0,565.0,0.0,0.0,20.0,151.0,10.0,25.666666666666668,1.0,1.0,1.0,1.0,1.0,1.0,7.4,7.3,0,0,0
365,1724,0.94,0.97,0.0,0.0,300.0,300.0,5.0,16.0,560.0,481.0,0.0,0.0,160.0,200.0,10.0,15.333333333333332,1.0,1.0,1.0,1.0,0.6,0.5,8.17,8.01,1,1,0
366,773,0.3,0.05,0.0,0.0,0.0,0.0,2.5,3.0,838.0,943.0,0.0,0.0,97.0,20.0,10.0,5.0,1.0,1.0,1.0,1.0,0.3,1.0,7.4,7.5,0,0,0
367,442,0.05,0.05,1.0,0.0,34.0,218.0,0.0,0.0,719.0,722.0,0.0,0.0,34.0,20.0,10.0,13.0,1.0,1.0,1.0,1.0,1.0,1.0,7.39,7.37,1,0,0
368,381,0.05,0.05,0.0,0.0,0.0,0.0,0.0,0.0,329.0,580.0,0.0,0.0,20.0,20.0,10.0,12.5,1.0,1.0,1.0,1.0,1.0,1.0,7.4,7.5,0,0,0
369,346,0.05,0.06,0.0,0.0,8.0,14.0,0.0,0.0,678.0,751.0,0.0,0.0,45.0,100.0,10.0,12.0,1.0,1.0,1.0,1.0,1.0,1.0,7.5,7.5,0,0,0
370,679,0.08,0.055,0.0,0.0,4.0,0.0,7.5,6.1,849.0,820.0,0.0,0.0,166.0,60.0,10.5,11.333333333333332,1.0,1.0,1.0,1.0,0.87,0.65,8.08,8.21,0,0,0
371,345,0.05,0.05,0.0,0.0,0.0,0.0,0.0,0.0,520.0,517.0,0.0,0.0,20.0,20.0,11.0,10.666666666666666,1.0,1.0,1.0,1.0,1.0,1.0,7.3,7.3,0,0,0
372,515,0.060500000000000005,0.07666666666666666,0.0,0.0,0.0,0.0,0.0,0.0,425.0,330.0,0.0,0.0,20.0,20.0,10.0,10.0,1.0,1.0,1.0,1.0,1.0,1.0,7.5,7.2,0,0,0
373,838,0.07100000000000001,0.10333333333333333,0.0,0.0,17.0,82.0,3.0,3.0,473.0,449.0,0.0,0.0,31.0,44.0,16.666666666666664,14.7,1.0,1.0,1.0,1.0,0.5,0.5,7.49,7.37,0,0,0
374,2302,0.0815,0.13,0.0,0.0,53.0,34.0,9.0,6.0,521.0,423.0,0.0,0.0,15.505,150.0,23.333333333333332,19.4,1.0,1.0,1.0,1.0,0.6950000000000001,1.0,7.795,8.0,1,1,1
375,635,0.092,0.08,0.0,0.0,73.0,4.0,15.0,8.1,569.0,567.0,0.0,0.0,0.01,16.0,30.0,30.0,1.0,2.0,1.0,2.0,0.89,0.73,8.1,8.2,0,0,1
376,459,0.05,0.055,0.0,0.0,14.0,4.0,0.0,0.0,528.0,658.0,0.0,0.0,20.0,24.0,10.0,33.0,1.0,1.0,1.0,1.0,1.0,1.0,7.4,7.1,0,0,0
377,755,0.05,0.03,0.0,0.0,0.0,39.5,0.0,0.0,542.0,517.0,0.0,0.0,31.0,32.0,11.5,36.0,1.0,1.0,1.0,1.3333333333333333,0.3,0.3,7.5,7.1,0,0,0
378,1369,0.05,0.07,0.0,0.0,0.0,75.0,0.0,0.0,479.0,488.0,0.0,0.0,124.0,284.0,13.0,39.0,1.0,1.0,1.0,1.6666666666666665,1.0,1.0,7.6,7.5,0,1,0
379,994,0.044,0.08,0.0,0.0,15.5,3.0,8.0,7.0,743.0,717.0,0.0,0.0,10.0,10.0,16.5,3.2,1.0,2.0,1.0,2.0,0.5,1.0,7.3,7.5,0,0,0
381,1184,0.047,0.08000000000000002,0.0,0.0,252.0,4.0,2.0,2.0,334.0,323.0,0.0,0.0,47.0,64.0,48.5,15.0,1.0,2.0,1.0,2.0,1.0,1.0,7.6,7.9,0,0,0
382,254,0.0485,0.08000000000000002,0.0,0.0,0.0,0.0,0.0,0.0,426.0,505.0,0.0,0.0,88.0,20.0,77.0,10.0,1.0,1.0,1.0,1.0,1.0,1.0,7.5,7.5,1,0,0
384,1137,0.08,0.08,0.0,0.0,10.0,24.0,6.9,6.4,627.0,576.0,0.0,0.0,44.0,33.33333333333333,8.533333333333333,9.2,1.0,1.0,1.0,1.0,1.57,0.5,7.25,7.39,0,0,0
385,939,0.08,0.27,0.0,0.0,20.0,36.0,10.4,4.7,562.0,591.0,0.0,0.0,68.0,40.0,7.066666666666666,8.8,1.0,1.0,1.0,1.0,0.5,0.88,7.83,8.1,0,1,0
386,686,0.05,0.05,0.0,0.0,30.0,3.0,3.0,3.0,523.0,526.0,0.0,0.0,92.0,46.0,5.6,4.65,1.0,1.0,1.0,0.9999999999999999,0.5,0.5,7.71,7.69,0,0,0
387,1077,0.05,0.05,0.0,0.0,15.0,0.0,1.5,1.5,369.0,413.0,0.0,0.0,38.0,52.0,0.5,0.5,1.0,1.0,1.0,1.0,0.75,0.75,7.83,7.8,0,0,0
391,1052,0.11000000000000001,0.05,0.0,0.0,24.0,10.0,3.0,3.0,551.0,607.0,0.0,0.0,30.0,46.0,5.0,5.0,1.0,1.0,1.0,1.0,1.0,1.0,7.7,7.9,0,0,0
392,429,0.08,0.058,0.0,0.0,300.0,23.0,10.0,5.0,990.0,878.0,0.0,0.0,72.9,40.0,5.0,27.5,5.0,2.5,4.0,2.5,2.24,0.14,8.3,8.3,0,0,0
393,832,0.22,0.26,0.0,0.0,4.0,40.0,2.0,9.0,835.0,1044.0,0.0,0.0,18.0,363.0,5.0,50.0,2.0,4.0,2.0,4.0,1.0,1.0,8.2,8.0,0,1,0
394,565,0.18333333333333335,0.155,0.0,0.0,4.0,22.0,0.0,0.0,346.0,357.0,0.0,0.0,20.0,20.0,10.0,10.0,1.0,1.0,1.0,1.0,1.0,1.0,7.8,7.6,0,0,0
395,435,0.14666666666666667,0.05,0.0,0.0,3.0,2.0,3.65,3.45,473.0,473.0,0.0,0.0,24.0,20.0,15.75,12.0,1.0,1.0,1.0,1.0,0.3,0.2,7.9,7.8,0,0,0
396,1138,0.11,0.08,0.0,0.0,57.33333333333333,32.666666666666664,7.3,6.9,469.0,502.0,0.0,0.0,22.666666666666664,20.0,21.5,14.0,1.0,1.0,1.0,1.0,1.0,1.0,7.97,7.62,0,0,0
397,1808,0.08,0.08,0.0,0.0,111.66666666666666,63.33333333333333,8.1,3.0,593.0,586.0,0.0,0.0,21.333333333333332,20.0,27.25,16.0,1.0,1.0,1.0,1.0,1.73,0.68,7.37,7.31,0,0,0
398,574,0.145,0.125,0.0,0.0,166.0,94.0,0.0,0.0,461.0,451.0,0.0,0.0,20.0,20.0,33.0,18.0,1.0,1.0,1.0,1.0,1.0,1.0,7.7,7.5,0,0,0
399,970,0.21,0.17,0.0,0.0,2.0,81.5,5.0,5.0,730.0,710.0,0.0,0.0,24.0,20.0,61.0,42.0,1.0,2.5,1.0,2.5,0.5,0.5,8.0,8.0,1,0,1
400,871,0.08,0.09,0.0,0.0,33.0,69.0,8.3,6.8,970.0,1003.0,0.0,0.0,339.0,131.0,2.0,2.0,1.0,4.0,1.0,4.0,1.0,1.0,8.15,8.22,1,0,0
401,623,0.23,0.07,0.0,0.0,0.0,10.0,0.0,0.0,336.0,328.0,0.0,0.0,177.0,20.0,10.0,10.0,1.0,1.0,1.0,1.0,1.0,1.0,7.3,7.8,0,0,0
402,281,0.14,0.05,0.0,0.0,1.0,0.0,0.0,0.0,502.0,403.0,0.0,0.0,20.0,20.0,10.0,19.0,1.0,1.0,1.0,1.0,0.4,1.0,7.7,7.6,0,0,0
403,433,0.05,0.145,0.0,0.0,0.0,56.0,0.0,0.0,357.0,507.0,0.0,0.0,48.0,20.0,10.0,28.0,1.0,1.0,1.0,1.0,1.2,1.0,8.1,7.4,0,0,0
404,170,0.25,0.24,0.0,0.0,17.0,32.5,8.8,7.0,631.0,662.0,0.0,0.0,34.0,44.0,10.0,19.0,5.0,2.0,5.0,2.0,0.62,1.86,7.74,7.6,0,0,1
405,225,0.05,0.05,0.0,0.0,43.0,9.0,9.05,0.0,379.0,370.0,0.0,0.0,20.0,68.0,10.0,10.0,3.0,1.0,3.0,1.5,0.675,1.0,7.7,7.7,0,0,0
406,971,0.08,0.08,0.0,0.0,4.0,0.0,9.3,6.8,787.0,601.0,0.0,0.0,40.0,45.7,30.0,30.0,1.0,1.0,1.0,1.0,0.73,0.97,7.57,7.85,1,0,0
407,1919,0.2,0.21,0.0,0.0,64.5,60.0,11.1,10.0,424.0,410.0,0.0,0.0,67.5,60.35,19.6,19.55,1.0,5.0,1.0,5.0,1.14,0.62,7.67,7.77,0,0,0
408,875,0.16,0.2,0.0,0.0,125.0,120.0,2.0,7.0,520.0,526.0,0.0,0.0,95.0,75.0,9.2,9.1,2.0,2.0,2.0,2.0,1.7,1.0,7.5,7.8,0,1,0
409,207,0.24,0.125,0.0,0.0,66.0,4.0,0.0,5.0,464.0,588.5,0.0,0.0,20.0,62.5,300.0,10.399999999999999,1.0,1.6666666666666665,1.0,1.6666666666666665,1.0,0.75,7.5,7.475,1,0,0
410,715,0.145,0.05,0.0,0.0,14.0,2.0,4.0,3.0,624.0,651.0,0.0,0.0,15.0,50.0,191.0,11.7,2.0,1.3333333333333333,2.0,1.3333333333333333,1.0,0.5,7.1,7.15,0,1,0
411,516,0.05,0.05,0.0,0.0,0.0,0.0,0.0,0.0,352.0,356.0,0.0,0.0,20.0,29.0,82.0,13.0,1.0,1.0,1.0,1.0,1.0,1.0,7.5,7.5,1,0,0
412,579,0.05,0.05,0.0,0.0,11.0,0.0,0.0,0.0,491.0,496.0,0.0,0.0,20.0,20.0,10.0,10.0,1.0,1.0,1.0,1.0,1.0,1.0,7.5,7.4,0,0,0
413,313,0.05,0.05,0.0,0.0,8.0,4.0,0.0,0.0,384.0,409.0,0.0,0.0,49.0,20.0,5.335,13.0,1.0,1.0,1.0,1.0,1.0,1.0,7.5,7.4,0,0,0
414,646,0.05,0.05,0.0,0.0,40.0,64.0,3.0,3.0,716.0,705.0,0.0,0.0,64.0,65.0,0.67,16.0,1.0,1.3333333333333333,1.0,1.3333333333333333,0.5,0.5,7.6,7.82,0,0,0
415,462,0.05,0.06,0.0,0.0,24.0,6.0,10.0,8.0,577.0,558.0,0.0,0.0,42.0,175.0,11.335,18.0,1.0,1.6666666666666665,1.0,1.6666666666666665,0.2,1.3,7.6,7.8,0,0,0
416,172,0.18,0.21,0.0,2.0,70.0,300.0,17.0,13.0,953.0,964.0,0.0,0.0,200.0,200.0,22.0,20.0,1.0,2.0,1.0,2.0,2.1,2.5,8.05,8.11,0,1,1
417,769,0.05,0.05,100.0,4.0,300.0,35.0,0.0,0.0,464.0,467.0,0.0,0.0,27.0,20.0,10.0,10.0,1.0,1.0,1.0,1.5,1.0,1.0,7.6,6.9,1,1,1
418,382,0.12,0.1,0.0,0.0,0.0,9.0,0.0,0.0,376.0,424.0,0.0,0.0,105.0,131.0,11.0,10.0,1.0,1.0,1.0,1.0,1.8,2.2,7.5,8.05,0,0,0
419,339,0.05,0.177,0.0,0.0,8.0,62.0,3.0,3.0,561.0,580.0,0.0,0.0,56.0,106.0,5.0,18.0,1.0,1.0,1.0,1.0,1.0,1.1,7.6,8.15,0,0,1
420,772,0.05,0.11349999999999999,0.0,0.0,0.0,13.0,0.0,0.0,274.0,279.0,0.0,0.0,20.0,20.0,10.0,10.0,1.0,1.0,1.0,1.0,1.0,1.0,7.9,7.8,0,0,0
421,566,0.05,0.05,0.0,0.0,4.0,4.0,0.0,0.0,395.0,400.0,0.0,0.0,20.0,20.0,10.0,10.0,1.0,1.0,1.0,1.0,1.0,1.0,7.7,7.3,0,0,0
422,1507,0.05,0.05,0.0,0.0,7.5,0.0,0.0,0.0,603.0,534.0,0.0,0.0,20.0,20.0,10.0,12.3,1.0,1.0,1.0,1.0,1.0,1.0,7.2,7.3,0,0,0
423,1303,0.09666666666666665,0.05,0.0,0.0,11.0,4.0,2.0,8.0,523.0,485.0,0.0,0.0,45.0,150.0,5.0,14.6,2.0,2.0,2.0,2.0,1.3,17.0,7.7,8.0,0,0,1
424,901,0.1433333333333333,0.275,0.0,0.0,4.0,0.0,4.0,2.0,587.0,606.0,0.0,0.0,13.0,22.3,5.0,5.0,2.0,1.0,2.0,1.0,3.2,1.0,7.3,7.7,0,0,0
428,420,0.085,0.05,0.0,0.0,0.0,0.0,0.0,0.0,541.0,690.0,0.0,0.0,40.0,20.0,14.3,10.0,1.0,1.0,1.0,1.0,1.0,1.0,7.1,7.2,0,0,0
430,1906,0.35,0.39,0.0,0.0,132.0,29.0,8.0,9.0,964.0,923.0,0.0,0.0,56.0,290.0,6.5,9.3,2.0,1.0,1.0,1.0,1.0,0.5,7.5,7.7,0,1,1
431,331,0.05,0.05,0.0,0.0,0.0,22.0,0.0,0.0,553.0,526.0,0.0,0.0,51.0,20.0,10.0,10.0,1.0,1.0,1.0,1.0,1.0,1.0,7.2,7.2,0,0,1
432,989,0.21,0.09,0.0,0.0,23.0,15.0,4.0,4.0,717.0,693.0,0.0,0.0,23.0,29.0,63.0,29.0,2.0,2.0,2.0,2.0,1.0,1.0,7.6,7.8,1,0,1
433,936,0.11,0.13,0.0,0.0,28.0,9.0,7.5,8.2,749.0,743.0,0.0,0.0,58.66666666666666,24.5,55.666666666666664,19.5,2.0,2.0,2.0,2.0,0.54,0.5,7.97,7.92,0,0,0
434,783,0.235,0.165,0.0,0.0,0.0,111.0,0.0,0.0,434.0,562.0,0.0,0.0,94.33333333333333,20.0,48.33333333333333,10.0,1.0,1.0,1.0,1.0,1.0,1.0,7.6,7.5,0,0,0
435,830,0.36,0.2,0.0,0.0,0.0,3.0,3.0,3.0,615.0,622.0,0.0,0.0,130.0,90.0,41.0,40.0,1.0,2.0,1.0,2.0,1.0,1.0,7.6,7.7,0,0,1
436,803,0.25666666666666665,0.23500000000000001,0.0,0.0,16.0,10.0,0.0,5.0,494.0,500.0,0.0,0.0,20.0,20.0,32.0,30.65,1.0,1.0,1.0,1.0,1.0,1.0,7.0,7.5,0,0,0
